"","Candidate","Party.Num","State","State_Abbr","Office","District","Gender.Num","White.Num","Black.Num","Asian.Num","Latino.Num","Middle_Eastern.Num","Native_American.Num","Incumbent.Num","Election_Denier.Num","Fundraising_Total","index"
"1","Jrmar ""JJ"" Jefferson",1,"Texas","TX","Representative","1",1,0,1,0,0,0,0,0,0,28794,"1"
"2","Robin Fulford",1,"Texas","TX","Representative","2",0,1,0,0,0,0,0,0,0,95686,"2"
"3","Sandeep Srivastava",1,"Texas","TX","Representative","3",1,0,0,1,0,0,0,0,0,68334,"3"
"4","Iro Omere",1,"Texas","TX","Representative","4",0,0,1,0,0,0,0,0,0,14200,"4"
"5","Tartisha Hill",1,"Texas","TX","Representative","5",0,0,1,0,0,0,0,0,0,3000,"5"
"6","Lizzie Fletcher",1,"Texas","TX","Representative","7",0,1,0,0,0,0,0,1,0,1119722,"6"
"7","Laura Jones",1,"Texas","TX","Representative","8",0,1,0,0,0,0,0,0,0,11580,"7"
"8","Al Green",1,"Texas","TX","Representative","9",1,0,1,0,0,0,0,1,0,106053,"8"
"9","Linda Nuno",1,"Texas","TX","Representative","10",0,0,0,0,1,0,0,0,0,0,"9"
"10","Trey J. Hunt",1,"Texas","TX","Representative","12",1,1,1,0,0,0,0,0,0,14590,"10"
"11","Kathleen Brown",1,"Texas","TX","Representative","13",0,1,0,0,0,0,0,0,0,40716,"11"
"12","Mikal Williams",1,"Texas","TX","Representative","14",1,1,0,0,0,0,0,0,0,28985,"12"
"13","Michelle Vallejo",1,"Texas","TX","Representative","15",0,0,0,0,1,0,0,0,0,905218,"13"
"14","Veronica Escobar",1,"Texas","TX","Representative","16",0,0,0,0,1,0,0,1,0,246292,"14"
"15","Mary Jo Woods",1,"Texas","TX","Representative","17",0,1,0,0,0,0,0,0,0,0,"15"
"16","Sheila Jackson Lee",1,"Texas","TX","Representative","18",0,0,1,0,0,0,0,1,0,420382,"16"
"17","Joaquin Castro",1,"Texas","TX","Representative","20",1,0,0,0,1,0,0,1,0,133472,"17"
"18","Claudia Andreana Zapata",1,"Texas","TX","Representative","21",0,0,0,0,1,0,0,0,0,31821,"18"
"19","Jamie Kaye Jordan",1,"Texas","TX","Representative","22",0,1,0,0,0,0,0,0,0,0,"19"
"20","John Lira",1,"Texas","TX","Representative","23",1,0,0,0,1,0,0,0,0,227345,"20"
"21","Jan McDowell",1,"Texas","TX","Representative","24",0,1,0,0,0,0,0,0,0,67028,"21"
"22","Maclovio Perez Jr.",1,"Texas","TX","Representative","27",1,0,0,0,1,0,0,0,0,0,"22"
"23","Henry Cuellar",1,"Texas","TX","Representative","28",1,0,0,0,1,0,0,1,0,1220535,"23"
"24","Sylvia Garcia",1,"Texas","TX","Representative","29",0,0,0,0,1,0,0,1,0,170861,"24"
"25","Jasmine Crockett",1,"Texas","TX","Representative","30",0,0,1,0,0,0,0,0,0,136892,"25"
"26","Colin Allred",1,"Texas","TX","Representative","32",1,0,1,0,0,0,0,1,0,1198601,"26"
"27","Marc Veasey",1,"Texas","TX","Representative","33",1,0,1,0,0,0,0,1,0,283774,"27"
"28","Vicente Gonzalez",1,"Texas","TX","Representative","34",1,0,0,0,1,0,0,1,0,1143722,"28"
"29","Greg Casar",1,"Texas","TX","Representative","35",1,0,0,0,1,0,0,0,0,287109,"29"
"30","Jon Haire",1,"Texas","TX","Representative","36",1,1,0,0,0,0,0,0,0,31626,"30"
"31","Lloyd Doggett",1,"Texas","TX","Representative","37",1,1,0,0,0,0,0,1,0,458166,"31"
"32","Duncan F. Klussmann",1,"Texas","TX","Representative","38",1,1,0,0,0,0,0,0,0,92428,"32"
"33","Thomas M. McDermott Jr.",1,"Indiana","IN","Senator","0",1,1,0,0,0,0,0,0,0,571451,"33"
"34","Frank J. Mrvan",1,"Indiana","IN","Representative","1",1,1,0,0,0,0,0,1,0,831945,"34"
"35","Paul D. Steury",1,"Indiana","IN","Representative","2",1,1,0,0,0,0,0,0,0,43875,"35"
"36","Gary L. Snyder",1,"Indiana","IN","Representative","3",1,1,0,0,0,0,0,0,0,27193,"36"
"37","Roger D. Day",1,"Indiana","IN","Representative","4",1,1,0,0,0,0,0,0,0,0,"37"
"38","Jeannine Lee Lake",1,"Indiana","IN","Representative","5",0,0,1,0,0,0,0,0,0,11441,"38"
"39","Cynthia ""Cinde"" Wirth",1,"Indiana","IN","Representative","6",0,1,0,0,0,0,0,0,0,11221,"39"
"40","André D. Carson",1,"Indiana","IN","Representative","7",1,0,1,0,0,0,0,1,0,143572,"40"
"41","Ray McCormick",1,"Indiana","IN","Representative","8",1,1,0,0,0,0,0,0,0,50339,"41"
"42","Matthew Fyfe",1,"Indiana","IN","Representative","9",1,1,0,0,0,0,0,0,0,28466,"42"
"43","Tim Ryan",1,"Ohio","OH","Senator","0",1,1,0,0,0,0,0,0,0,22466976,"43"
"44","Greg Landsman",1,"Ohio","OH","Representative","1",1,1,0,0,0,0,0,0,0,1102806,"44"
"45","Samantha Meadows",1,"Ohio","OH","Representative","2",0,1,0,0,0,0,0,0,0,6130,"45"
"46","Joyce Beatty",1,"Ohio","OH","Representative","3",0,0,1,0,0,0,0,1,0,325961,"46"
"47","Tamie Wilson",1,"Ohio","OH","Representative","4",0,1,1,0,0,0,0,0,0,30773,"47"
"48","Craig Swartz",1,"Ohio","OH","Representative","5",1,1,0,0,0,0,0,0,0,14285,"49"
"49","Louis G. Lyras",1,"Ohio","OH","Representative","6",1,1,0,0,0,0,0,0,0,30881,"50"
"50","Matthew Diemer",1,"Ohio","OH","Representative","7",1,1,1,0,0,0,0,0,0,83981,"51"
"51","Vanessa Enoch",1,"Ohio","OH","Representative","8",0,0,1,0,0,0,0,0,0,0,"52"
"52","Marcy Kaptur",1,"Ohio","OH","Representative","9",0,1,0,0,0,0,0,1,0,859259,"53"
"53","David Esrati",1,"Ohio","OH","Representative","10",1,1,0,0,0,0,0,0,0,20954,"54"
"54","Shontel Brown",1,"Ohio","OH","Representative","11",0,0,1,0,0,0,0,1,0,929565,"55"
"55","Amy Rippel-Elton",1,"Ohio","OH","Representative","12",0,1,0,0,0,0,0,0,0,0,"56"
"56","Emilia Sykes",1,"Ohio","OH","Representative","13",0,0,1,0,0,0,0,0,0,930435,"57"
"57","Matt Kilboy",1,"Ohio","OH","Representative","14",1,1,0,0,0,0,0,0,0,14299,"58"
"58","Gary Josephson",1,"Ohio","OH","Representative","15",1,0,0,0,0,0,0,0,0,31001,"59"
"59","Lacy Watson",1,"West Virginia","WV","Representative","1",1,0,1,0,0,0,0,0,0,0,"60"
"60","Barry Lee Wendell",1,"West Virginia","WV","Representative","2",1,1,0,0,0,0,0,0,0,11883,"61"
"61","Patty Pansing Brooks",1,"Nebraska","NE","Representative","1",0,1,0,0,0,0,0,0,0,668297,"62"
"62","Tony Vargas",1,"Nebraska","NE","Representative","2",1,0,0,0,1,0,0,0,0,1581330,"63"
"63","David J. Else",1,"Nebraska","NE","Representative","3",1,1,0,0,0,0,0,0,0,0,"64"
"64","Charles Booker",1,"Kentucky","KY","Senator","0",1,0,1,0,0,0,0,0,0,1565535,"65"
"65","Jimmy C. Ausbrooks",1,"Kentucky","KY","Representative","1",1,1,0,0,0,0,0,0,0,250,"66"
"66","Hank Linderman",1,"Kentucky","KY","Representative","2",1,1,0,0,0,0,0,0,0,22704,"67"
"67","Morgan McGarvey",1,"Kentucky","KY","Representative","3",1,1,0,0,0,0,0,0,0,1010411,"68"
"68","Matthew Lehman",1,"Kentucky","KY","Representative","4",1,1,0,0,0,0,0,0,0,74279,"69"
"69","Conor Halbleib",1,"Kentucky","KY","Representative","5",1,1,0,0,0,0,0,0,0,3530,"70"
"70","Geoffrey M. ""Geoff"" Young",1,"Kentucky","KY","Representative","6",1,1,0,0,0,0,0,0,0,13807,"71"
"71","Ron Wyden",1,"Oregon","OR","Senator","0",1,1,0,0,0,0,0,1,0,3175684,"72"
"72","Suzanne Bonamici",1,"Oregon","OR","Representative","1",0,1,0,0,0,0,0,1,0,176655,"73"
"73","Joe Yetter",1,"Oregon","OR","Representative","2",1,1,0,0,0,0,0,0,0,25396,"74"
"74","Earl Blumenauer",1,"Oregon","OR","Representative","3",1,1,0,0,0,0,0,1,0,247652,"75"
"75","Val Hoyle",1,"Oregon","OR","Representative","4",0,1,0,0,0,0,0,0,0,766993,"76"
"76","Jamie McLeod-Skinner",1,"Oregon","OR","Representative","5",0,1,0,0,0,0,0,0,0,1470369,"77"
"77","Andrea Salinas",1,"Oregon","OR","Representative","6",0,1,0,0,0,0,0,0,0,1417119,"78"
"78","David Roth",1,"Idaho","ID","Senator","0",1,1,0,0,0,0,0,0,0,32918,"79"
"79","Kaylee Peterson",1,"Idaho","ID","Representative","1",0,1,0,0,0,0,0,0,0,29125,"80"
"80","Wendy Norman",1,"Idaho","ID","Representative","2",0,1,0,0,0,0,0,0,0,4470,"81"
"81","Cheri Beasley",1,"North Carolina","NC","Senator","0",0,0,1,0,0,0,0,0,0,15501364,"82"
"82","Don Davis",1,"North Carolina","NC","Representative","1",1,0,1,0,0,0,0,0,0,525308,"83"
"83","Deborah K. Ross",1,"North Carolina","NC","Representative","2",0,1,0,0,0,0,0,1,0,635161,"84"
"84","Barbara D. Gaskins",1,"North Carolina","NC","Representative","3",0,0,1,0,0,0,0,0,0,7750,"85"
"85","Valerie P. Foushee",1,"North Carolina","NC","Representative","4",0,0,1,0,0,0,0,0,0,99094,"86"
"86","Kyle Parrish",1,"North Carolina","NC","Representative","5",1,1,0,0,0,0,0,0,0,4150,"87"
"87","Kathy Manning",1,"North Carolina","NC","Representative","6",0,1,0,0,0,0,0,1,0,1180059,"88"
"88","Charles Graham",1,"North Carolina","NC","Representative","7",1,1,0,0,0,0,0,0,0,53715,"89"
"89","Scott Huffman",1,"North Carolina","NC","Representative","8",1,1,0,0,0,0,0,0,0,13145,"90"
"90","Ben Clark",1,"North Carolina","NC","Representative","9",1,0,1,0,0,0,0,0,0,55317,"91"
"91","Pam Genant",1,"North Carolina","NC","Representative","10",0,1,0,0,0,0,0,0,0,34936,"92"
"92","Jasmine Beach-Ferrara",1,"North Carolina","NC","Representative","11",0,1,0,0,0,0,0,0,0,521194,"93"
"93","Alma S. Adams",1,"North Carolina","NC","Representative","12",0,0,1,0,0,0,0,1,0,153055,"94"
"94","Wiley Nickel",1,"North Carolina","NC","Representative","13",1,1,0,0,0,0,0,0,0,1284684,"95"
"95","Jeff Jackson",1,"North Carolina","NC","Representative","14",1,1,0,0,0,0,0,0,0,1736680,"96"
"96","John Fetterman",1,"Pennsylvania","PA","Senator","0",1,1,0,0,0,0,0,0,0,23545207,"97"
"97","Ashley Ehasz",1,"Pennsylvania","PA","Representative","1",0,1,0,0,0,0,0,0,0,465743,"98"
"98","Brendan F. Boyle",1,"Pennsylvania","PA","Representative","2",1,1,0,0,0,0,0,1,0,249977,"99"
"99","Dwight Evans",1,"Pennsylvania","PA","Representative","3",1,0,1,0,0,0,0,1,0,51351,"100"
"100","Madeleine Dean",1,"Pennsylvania","PA","Representative","4",0,1,0,0,0,0,0,1,0,416911,"101"
"101","Mary Gay Scanlon",1,"Pennsylvania","PA","Representative","5",0,1,0,0,0,0,0,1,0,382763,"102"
"102","Chrissy Houlahan",1,"Pennsylvania","PA","Representative","6",0,1,0,0,0,0,0,1,0,1124998,"103"
"103","Susan Wild",1,"Pennsylvania","PA","Representative","7",0,1,0,0,0,0,0,1,0,2421256,"104"
"104","Matt Cartwright",1,"Pennsylvania","PA","Representative","8",1,1,0,0,0,0,0,1,0,1522324,"105"
"105","Amanda R. Waldman",1,"Pennsylvania","PA","Representative","9",0,1,0,0,0,0,0,0,0,8950,"106"
"106","Shamaine Daniels",1,"Pennsylvania","PA","Representative","10",0,0,0,0,1,0,0,0,0,189366,"107"
"107","Bob Hollister",1,"Pennsylvania","PA","Representative","11",1,1,0,0,0,0,0,0,0,104834,"108"
"108","Summer Lee",1,"Pennsylvania","PA","Representative","12",0,0,1,0,0,0,0,0,0,417129,"109"
"109","Dan Pastore",1,"Pennsylvania","PA","Representative","16",1,1,0,0,0,0,0,0,0,169323,"110"
"110","Chris Deluzio",1,"Pennsylvania","PA","Representative","17",1,1,0,0,0,0,0,0,0,1600905,"111"
"111","Taysha DeVaughan",1,"Virginia","VA","Representative","9",0,0,0,0,0,0,1,0,0,19072,"112"
"112","Will Boyd",1,"Alabama","AL","Senator","0",1,0,1,0,0,0,0,0,0,50840,"113"
"113","Phyllis Harvey-Hall",1,"Alabama","AL","Representative","2",0,0,1,0,0,0,0,0,0,11672,"114"
"114","Lin Veasey",1,"Alabama","AL","Representative","3",0,0,0,0,0,0,0,0,0,1300,"115"
"115","Rick Neighbors",1,"Alabama","AL","Representative","4",1,1,0,0,0,0,0,0,0,9010,"116"
"116","Kathy Warner-Stanton",1,"Alabama","AL","Representative","5",0,0,1,0,0,0,0,0,0,6035,"117"
"117","Terrycina Sewell",1,"Alabama","AL","Representative","7",0,0,1,0,0,0,0,1,0,242945,"118"
"118","Natalie James",1,"Arkansas","AR","Senator","0",0,0,1,0,0,0,0,0,0,13935,"119"
"119","Monte Hodges",1,"Arkansas","AR","Representative","1",1,0,1,0,0,0,0,0,0,12950,"120"
"120","Quintessa Hathaway",1,"Arkansas","AR","Representative","2",0,0,1,0,0,0,0,0,0,0,"121"
"121","Lauren Mallett-Hays",1,"Arkansas","AR","Representative","3",0,1,0,0,0,0,0,0,0,11624,"122"
"122","John White",1,"Arkansas","AR","Representative","4",1,1,0,0,0,0,0,0,0,0,"123"
"123","Raphael Warnock",1,"Georgia","GA","Senator","0",1,0,1,0,0,0,0,1,0,35622857,"124"
"124","Wade Herring",1,"Georgia","GA","Representative","1",1,1,0,0,0,0,0,0,0,562532,"125"
"125","Sanford Bishop",1,"Georgia","GA","Representative","2",1,0,1,0,0,0,0,1,0,694626,"126"
"126","Val Almonord",1,"Georgia","GA","Representative","3",1,0,1,0,0,0,0,0,0,145,"127"
"127","Henry C. ""Hank"" Johnson Jr.",1,"Georgia","GA","Representative","4",1,0,1,0,0,0,0,1,0,36514,"128"
"128","Nikema Williams",1,"Georgia","GA","Representative","5",0,0,1,0,0,0,0,1,0,138499,"129"
"129","Bob Christian",1,"Georgia","GA","Representative","6",1,1,0,0,0,0,0,0,0,23623,"130"
"130","Lucy McBath",1,"Georgia","GA","Representative","7",0,0,1,0,0,0,0,1,0,1423129,"131"
"131","Darrius Butler",1,"Georgia","GA","Representative","8",1,0,1,0,0,0,0,0,0,0,"132"
"132","Michael ""Mike"" Ford",1,"Georgia","GA","Representative","9",1,1,0,0,0,0,0,0,0,5075,"133"
"133","Tabitha Johnson-Green",1,"Georgia","GA","Representative","10",0,0,1,0,0,0,0,0,0,1429,"134"
"134","Antonio Daza",1,"Georgia","GA","Representative","11",1,0,0,0,1,0,0,0,0,12315,"135"
"135","Elizabeth ""Liz"" Johnson",1,"Georgia","GA","Representative","12",0,0,1,0,0,0,0,0,0,62773,"136"
"136","David Scott",1,"Georgia","GA","Representative","13",1,0,1,0,0,0,0,1,0,128350,"137"
"137","Marcus Flowers",1,"Georgia","GA","Representative","14",1,0,1,0,0,0,0,0,0,2348202,"138"
"138","Melanie Ann Stansbury",1,"New Mexico","NM","Representative","1",0,1,0,0,0,0,0,1,0,481506,"139"
"139","Gabriel Vasquez",1,"New Mexico","NM","Representative","2",1,0,0,0,1,0,0,0,0,1583185,"140"
"140","Teresa Leger Fernandez",1,"New Mexico","NM","Representative","3",0,0,0,0,1,0,0,1,0,1007926,"141"
"141","Dianne Black",1,"Mississippi","MS","Representative","1",0,0,1,0,0,0,0,0,0,8869,"142"
"142","Bennie G. Thompson",1,"Mississippi","MS","Representative","2",1,0,1,0,0,0,0,1,0,265355,"143"
"143","Shuwaski A. Young",1,"Mississippi","MS","Representative","3",1,0,1,0,0,0,0,0,0,25300,"144"
"144","Johnny L. DuPree ",1,"Mississippi","MS","Representative","4",1,0,1,0,0,0,0,0,0,40509,"145"
"145","Monica Tranel",1,"Montana","MT","Representative","1",0,1,0,0,0,0,0,0,0,1595998,"146"
"146","Penny Ronning",1,"Montana","MT","Representative","2",0,1,0,0,0,0,0,0,0,62428,"147"
"147","Michael Franken",1,"Iowa","IA","Senator","0",1,1,0,0,0,0,0,0,0,3413950,"148"
"148","Christina Bohannan",1,"Iowa","IA","Representative","1",0,1,0,0,0,0,0,0,0,1342708,"149"
"149","Liz Mathis",1,"Iowa","IA","Representative","2",0,1,0,0,0,0,0,0,0,1803166,"150"
"150","Cindy Axne",1,"Iowa","IA","Representative","3",0,1,0,0,0,0,0,1,0,2064020,"151"
"151","Ryan Melton",1,"Iowa","IA","Representative","4",1,1,0,0,0,0,0,0,0,12602,"152"
"152","Brian L. Bengs",1,"South Dakota","SD","Senator","0",1,1,0,0,0,0,0,0,0,149448,"153"
"153","Donald W. Norcross",1,"New Jersey","NJ","Representative","1",1,1,0,0,0,0,0,1,0,339576,"154"
"154","Tim Alexander",1,"New Jersey","NJ","Representative","2",1,0,1,0,0,0,0,0,0,165120,"155"
"155","Andy Kim",1,"New Jersey","NJ","Representative","3",1,0,0,1,0,0,0,1,0,2202438,"156"
"156","Matthew Jenkins",1,"New Jersey","NJ","Representative","4",1,1,0,0,0,0,0,0,0,19345,"157"
"157","Josh Gottheimer",1,"New Jersey","NJ","Representative","5",1,1,0,0,0,0,0,1,0,2563606,"158"
"158","Frank Pallone Jr.",1,"New Jersey","NJ","Representative","6",1,1,0,0,0,0,0,1,0,532442,"159"
"159","Tom Malinowski",1,"New Jersey","NJ","Representative","7",1,1,0,0,0,0,0,1,0,3445039,"160"
"160","Robert J. Menendez",1,"New Jersey","NJ","Representative","8",1,0,0,0,1,0,0,0,0,215876,"161"
"161","Bill Pascrell Jr.",1,"New Jersey","NJ","Representative","9",1,1,0,0,0,0,0,1,0,262704,"162"
"162","Donald M. Payne Jr.",1,"New Jersey","NJ","Representative","10",1,0,1,0,0,0,0,1,0,82700,"163"
"163","Mikie Sherrill",1,"New Jersey","NJ","Representative","11",0,1,0,0,0,0,0,1,0,1746788,"164"
"164","Bonnie Watson Coleman",1,"New Jersey","NJ","Representative","12",0,0,1,0,0,0,0,1,0,145386,"165"
"165","Alex Padilla",1,"California","CA","Senator","0",1,0,0,0,1,0,0,1,0,3168817,"166"
"166","Max Steiner",1,"California","CA","Representative","1",1,1,0,0,0,0,0,0,0,219355,"167"
"167","Jared Huffman",1,"California","CA","Representative","2",1,1,0,0,0,0,0,1,0,151664,"168"
"168","Kermit Jones",1,"California","CA","Representative","3",1,0,1,0,0,0,0,0,0,1332081,"169"
"169","Mike Thompson",1,"California","CA","Representative","4",1,1,0,0,0,0,0,1,0,326121,"170"
"170","Michael J. ""Mike"" Barkley",1,"California","CA","Representative","5",1,1,0,0,0,0,0,0,0,13361,"171"
"171","Ami Bera",1,"California","CA","Representative","6",1,0,0,1,0,0,0,1,0,227107,"172"
"172","Doris Matsui",1,"California","CA","Representative","7",0,0,0,1,0,0,0,1,0,138764,"173"
"173","John Garamendi",1,"California","CA","Representative","8",1,1,0,0,0,0,0,1,0,257746,"174"
"174","Josh Harder",1,"California","CA","Representative","9",1,1,0,0,0,0,0,1,0,2133008,"175"
"175","Mark DeSaulnier",1,"California","CA","Representative","10",1,1,0,0,0,0,0,1,0,79385,"176"
"176","Nancy Pelosi",1,"California","CA","Representative","11",0,1,0,0,0,0,0,1,0,15995076,"177"
"177","Barbara Lee",1,"California","CA","Representative","12",0,0,1,0,0,0,0,1,0,578965,"178"
"178","Adam Gray",1,"California","CA","Representative","13",1,1,0,0,0,0,0,0,0,839944,"179"
"179","Eric Swalwell",1,"California","CA","Representative","14",1,1,0,0,0,0,0,1,0,1196979,"180"
"180","David J. Canepa",1,"California","CA","Representative","15",1,1,0,0,0,0,0,0,0,42872,"181"
"181","Kevin Mullin",1,"California","CA","Representative","15",1,1,0,0,0,0,0,0,0,188474,"182"
"182","Anna G. Eshoo",1,"California","CA","Representative","16",0,0,0,0,0,1,0,1,0,441340,"183"
"183","Rishi Kumar",1,"California","CA","Representative","16",1,0,0,1,0,0,0,0,0,188825,"184"
"184","Ro Khanna",1,"California","CA","Representative","17",1,0,0,1,0,0,0,1,0,1940962,"185"
"185","Zoe Lofgren",1,"California","CA","Representative","18",0,1,0,0,0,0,0,1,0,276598,"186"
"186","Jimmy Panetta",1,"California","CA","Representative","19",1,1,0,0,0,0,0,1,0,502485,"187"
"187","Marisa Wood",1,"California","CA","Representative","20",0,1,0,0,0,0,0,0,0,215234,"188"
"188","Jim Costa",1,"California","CA","Representative","21",1,1,0,0,0,0,0,1,0,596214,"189"
"189","Rudy Salas",1,"California","CA","Representative","22",1,0,0,0,1,0,0,0,0,1218515,"190"
"190","Derek Marshall",1,"California","CA","Representative","23",1,1,0,0,0,0,0,0,0,351042,"191"
"191","Salud Carbajal",1,"California","CA","Representative","24",1,0,0,0,1,0,0,1,0,453076,"192"
"192","Raul Ruiz",1,"California","CA","Representative","25",1,0,0,0,1,0,0,1,0,391028,"193"
"193","Julia Brownley",1,"California","CA","Representative","26",0,1,0,0,0,0,0,1,0,628126,"194"
"194","Christy Smith",1,"California","CA","Representative","27",0,1,0,0,0,0,0,0,0,1801428,"195"
"195","Judy Chu",1,"California","CA","Representative","28",0,0,0,1,0,0,0,1,0,692097,"196"
"196","Tony Cardenas",1,"California","CA","Representative","29",1,0,0,0,1,0,0,1,0,223522,"197"
"197","Angélica María Dueñas",1,"California","CA","Representative","29",0,0,0,0,1,0,0,0,0,40021,"198"
"198","G ""Maebe A. Girl"" Pudlo",1,"California","CA","Representative","30",0,1,0,0,0,0,0,0,0,2278,"199"
"199","Adam B. Schiff",1,"California","CA","Representative","30",1,1,0,0,0,0,0,1,0,5171083,"200"
"200","Grace F. Napolitano",1,"California","CA","Representative","31",0,0,0,0,1,0,0,1,0,29750,"201"
"201","Brad Sherman",1,"California","CA","Representative","32",1,1,0,0,0,0,0,1,0,459930,"202"
"202","Pete Aguilar",1,"California","CA","Representative","33",1,0,0,0,1,0,0,1,0,615949,"203"
"203","Jimmy Gomez",1,"California","CA","Representative","34",1,0,0,0,1,0,0,1,0,261015,"204"
"204","David Kim",1,"California","CA","Representative","34",1,0,0,1,0,0,0,0,0,153446,"205"
"205","Norma J. Torres",1,"California","CA","Representative","35",0,0,0,0,1,0,0,1,0,110977,"206"
"206","Ted W. Lieu",1,"California","CA","Representative","36",1,0,0,1,0,0,0,1,0,348391,"207"
"207","Sydney Kamlager",1,"California","CA","Representative","37",0,1,1,0,0,0,0,0,0,323715,"208"
"208","Jan C. Perry",1,"California","CA","Representative","37",0,0,1,0,0,0,0,0,0,299171,"209"
"209","Linda T. Sánchez",1,"California","CA","Representative","38",0,0,0,0,1,0,0,1,0,199242,"210"
"210","Mark Takano",1,"California","CA","Representative","39",1,0,0,1,0,0,0,1,0,272230,"211"
"211","Asif Mahmood",1,"California","CA","Representative","40",1,0,0,1,0,0,0,0,0,883344,"212"
"212","Will Rollins",1,"California","CA","Representative","41",1,1,0,0,0,0,0,0,0,1724563,"213"
"213","Robert Garcia",1,"California","CA","Representative","42",1,0,0,0,1,0,0,0,0,282463,"214"
"214","Maxine Waters",1,"California","CA","Representative","43",0,0,1,0,0,0,0,1,0,292754,"215"
"215","Nanette Diaz Barragan",1,"California","CA","Representative","44",0,0,0,0,1,0,0,1,0,143013,"216"
"216","Jay F. Chen",1,"California","CA","Representative","45",1,0,0,1,0,0,0,0,0,1735483,"217"
"217","Lou Correa",1,"California","CA","Representative","46",1,0,0,0,1,0,0,1,0,189441,"218"
"218","Katie Porter",1,"California","CA","Representative","47",0,1,0,0,0,0,0,1,0,5756969,"219"
"219","Stephen Houlahan",1,"California","CA","Representative","48",1,1,0,0,0,0,0,0,0,27932,"220"
"220","Mike Levin",1,"California","CA","Representative","49",1,1,0,0,0,0,0,1,0,1649266,"221"
"221","Scott Peters",1,"California","CA","Representative","50",1,1,0,0,0,0,0,1,0,250964,"222"
"222","Sara Jacobs",1,"California","CA","Representative","51",0,1,0,0,0,0,0,1,0,512079,"223"
"223","Juan Vargas",1,"California","CA","Representative","52",1,0,0,0,1,0,0,1,0,99000,"224"
"224","Jennifer Lewis",1,"Virginia","VA","Representative","6",0,1,0,0,0,0,0,0,0,74584,"225"
"225","Chellie Pingree",1,"Maine","ME","Representative","1",0,1,0,0,0,0,0,1,0,116562,"226"
"226","Jared Golden",1,"Maine","ME","Representative","2",1,1,0,0,0,0,0,1,0,2180885,"227"
"227","Catherine Cortez Masto",1,"Nevada","NV","Senator","0",0,1,0,0,1,0,0,1,0,22810659,"228"
"228","Dina Titus",1,"Nevada","NV","Representative","1",0,1,0,0,0,0,0,1,0,963115,"229"
"229","Elizabeth Mercedes Krause",1,"Nevada","NV","Representative","2",0,0,0,0,0,0,1,0,0,26170,"230"
"230","Susie Lee",1,"Nevada","NV","Representative","3",0,1,0,0,0,0,0,1,0,1937755,"231"
"231","Steven A. Horsford",1,"Nevada","NV","Representative","4",1,0,1,0,0,0,0,1,0,1154458,"232"
"232","Krystle Matthews",1,"South Carolina","SC","Senator","0",0,0,1,0,0,0,0,0,0,27747,"233"
"233","Annie Andrews",1,"South Carolina","SC","Representative","1",0,1,0,0,0,0,0,0,0,884065,"234"
"234","Judd Larkins",1,"South Carolina","SC","Representative","2",1,1,0,0,0,0,0,0,0,35499,"235"
"235","Ken Hill",1,"South Carolina","SC","Representative","4",1,1,0,0,0,0,0,0,0,0,"236"
"236","Evangeline Hundley",1,"South Carolina","SC","Representative","5",0,0,1,0,0,0,0,0,0,0,"237"
"237","James E. ""Jim"" Clyburn",1,"South Carolina","SC","Representative","6",1,0,1,0,0,0,0,1,0,680567,"238"
"238","Daryl W. Scott",1,"South Carolina","SC","Representative","7",1,0,1,0,0,0,0,0,0,0,"239"
"239","Katrina Christiansen",1,"North Dakota","ND","Senator","0",0,1,0,0,0,0,0,0,0,42645,"240"
"240","Mark Haugen",1,"North Dakota","ND","Representative","0",1,1,0,0,0,0,0,0,0,2050,"241"
"241","Herbert C. ""Herb"" Jones Jr.",1,"Virginia","VA","Representative","1",1,0,1,0,0,0,0,0,0,143691,"242"
"242","Elaine G. Luria",1,"Virginia","VA","Representative","2",0,1,0,0,0,0,0,1,0,3884074,"243"
"243","Robert C. ""Bobby"" Scott",1,"Virginia","VA","Representative","3",1,0,1,0,0,0,0,1,0,64665,"244"
"244","A. Donald McEachin",1,"Virginia","VA","Representative","4",1,0,1,0,0,0,0,1,0,160280,"245"
"245","Joshua M. Throneburg",1,"Virginia","VA","Representative","5",1,1,0,0,0,0,0,0,0,508170,"246"
"246","Abigail A. Spanberger",1,"Virginia","VA","Representative","7",0,1,0,0,0,0,0,1,0,2840533,"247"
"247","Donald S. Beyer Jr.",1,"Virginia","VA","Representative","8",1,1,0,0,0,0,0,1,0,388677,"248"
"248","Jennifer T. Wexton",1,"Virginia","VA","Representative","10",0,1,0,0,0,0,0,1,0,896044,"249"
"249","Gerald E. ""Gerry"" Connolly",1,"Virginia","VA","Representative","11",1,1,0,0,0,0,0,1,0,209940,"250"
"250","Michael Bennet",1,"Colorado","CO","Senator","0",1,0,0,0,0,0,0,1,0,6329604,"251"
"251","Diana DeGette",1,"Colorado","CO","Representative","1",0,1,0,0,0,0,0,1,0,160222,"252"
"252","Joe Neguse",1,"Colorado","CO","Representative","2",1,0,1,0,0,0,0,1,0,477312,"253"
"253","Adam Frisch",1,"Colorado","CO","Representative","3",1,1,0,0,0,0,0,0,0,1781585,"254"
"254","Ike McCorkle",1,"Colorado","CO","Representative","4",1,1,0,0,0,0,0,0,0,64705,"255"
"255","David Torres",1,"Colorado","CO","Representative","5",1,0,0,0,1,0,0,0,0,10250,"256"
"256","Jason Crow",1,"Colorado","CO","Representative","6",1,1,0,0,0,0,0,1,0,708437,"257"
"257","Brittany Pettersen",1,"Colorado","CO","Representative","7",0,1,0,0,0,0,0,0,0,1072791,"258"
"258","Yadira Caraveo",1,"Colorado","CO","Representative","8",0,0,0,0,1,0,0,0,0,1506138,"259"
"259","Tammy Duckworth",1,"Illinois","IL","Senator","0",0,1,0,1,0,0,0,1,0,2697011,"260"
"260","Jonathan L. Jackson",1,"Illinois","IL","Representative","1",1,0,1,0,0,0,0,0,0,120804,"261"
"261","Robin Kelly",1,"Illinois","IL","Representative","2",0,0,1,0,0,0,0,1,0,236740,"262"
"262","Delia Ramirez",1,"Illinois","IL","Representative","3",0,0,0,0,1,0,0,0,0,80770,"263"
"263","Jesus ""Chuy"" Garcia",1,"Illinois","IL","Representative","4",1,0,0,0,1,0,0,1,0,125770,"264"
"264","Mike Quigley",1,"Illinois","IL","Representative","5",1,1,0,0,0,0,0,1,0,144425,"265"
"265","Sean Casten",1,"Illinois","IL","Representative","6",1,1,0,0,0,0,0,1,0,1877777,"266"
"266","Danny K. Davis",1,"Illinois","IL","Representative","7",1,0,1,0,0,0,0,1,0,115883,"267"
"267","Raja Krishnamoorthi",1,"Illinois","IL","Representative","8",1,0,0,1,0,0,0,1,0,2611102,"268"
"268","Janice D. Schakowsky",1,"Illinois","IL","Representative","9",0,1,0,0,0,0,0,1,0,221542,"269"
"269","Brad Schneider",1,"Illinois","IL","Representative","10",1,1,0,0,0,0,0,1,0,952586,"270"
"270","Bill Foster",1,"Illinois","IL","Representative","11",1,1,0,0,0,0,0,1,0,952590,"271"
"271","Homer ""Chip"" Markel",1,"Illinois","IL","Representative","12",1,1,0,0,0,0,0,0,0,15854,"272"
"272","Nikki Budzinski",1,"Illinois","IL","Representative","13",0,1,0,0,0,0,0,0,0,1568153,"273"
"273","Lauren Underwood",1,"Illinois","IL","Representative","14",0,0,1,0,0,0,0,1,0,2108627,"274"
"274","Paul J. Lange",1,"Illinois","IL","Representative","15",1,1,0,0,0,0,0,0,0,13743,"275"
"275","Eric Sorensen",1,"Illinois","IL","Representative","17",1,1,0,0,0,0,0,0,0,1504470,"276"
"276","Charles E. Schumer",1,"New York","NY","Senator","0",1,1,0,0,0,0,0,1,0,9686598,"277"
"277","Madison Horn",1,"Oklahoma","OK","Senator","0",0,1,0,0,0,0,1,0,0,166160,"278"
"278","Kendra Horn",1,"Oklahoma","OK","Senator","0",0,1,0,0,0,0,0,0,0,914494,"281"
"279","Adam Martin",1,"Oklahoma","OK","Representative","1",1,0,1,0,0,0,0,0,0,13575,"282"
"280","Naomi Andrews",1,"Oklahoma","OK","Representative","2",0,1,0,0,0,0,0,0,0,75,"283"
"281","Jeremiah A. Ross",1,"Oklahoma","OK","Representative","3",1,1,0,0,0,0,0,0,0,0,"284"
"282","Mary Brannon",1,"Oklahoma","OK","Representative","4",0,1,0,0,0,0,0,0,0,0,"285"
"283","Joshua Harris-Till",1,"Oklahoma","OK","Representative","5",1,0,1,0,0,0,0,0,0,28411,"286"
"284","Rick Edwin Jones",1,"Utah","UT","Representative","1",1,1,0,0,0,0,0,0,0,0,"287"
"285","Nick Mitchell",1,"Utah","UT","Representative","2",1,0,1,0,0,0,0,0,0,12135,"288"
"286","Glenn J. Wright",1,"Utah","UT","Representative","3",1,1,0,0,0,0,0,0,0,3000,"289"
"287","Darlene McDonald",1,"Utah","UT","Representative","4",0,0,1,0,0,0,0,0,0,20495,"290"
"288","Chris Van Hollen",1,"Maryland","MD","Senator","0",1,1,0,0,0,0,0,1,0,1394269,"291"
"289","Heather R. Mizeur",1,"Maryland","MD","Representative","1",0,1,0,0,0,0,0,0,0,1051855,"292"
"290","C.A. Dutch Ruppersberger",1,"Maryland","MD","Representative","2",1,1,0,0,0,0,0,1,0,178695,"293"
"291","John Sarbanes",1,"Maryland","MD","Representative","3",1,1,0,0,0,0,0,1,0,34930,"294"
"292","Glenn F. Ivey",1,"Maryland","MD","Representative","4",1,0,1,0,0,0,0,0,0,448081,"295"
"293","Steny Hoyer",1,"Maryland","MD","Representative","5",1,1,0,0,0,0,0,1,0,674164,"296"
"294","David J. Trone",1,"Maryland","MD","Representative","6",1,1,0,0,0,0,0,1,0,309602,"297"
"295","Kweisi Mfume",1,"Maryland","MD","Representative","7",1,0,1,0,0,0,0,1,0,133881,"298"
"296","Jamie Raskin",1,"Maryland","MD","Representative","8",1,1,0,0,0,0,0,1,0,1030489,"299"
"297","Mark Kelly",1,"Arizona","AZ","Senator","0",1,1,0,0,0,0,0,1,0,29590633,"300"
"298","Jevin D. Hodge",1,"Arizona","AZ","Representative","1",1,0,1,0,0,0,0,0,0,1141123,"301"
"299","Tom O'Halleran",1,"Arizona","AZ","Representative","2",1,1,0,0,0,0,0,1,0,1234394,"302"
"300","Ruben Gallego",1,"Arizona","AZ","Representative","3",1,0,0,0,1,0,0,1,0,366368,"303"
"301","Greg Stanton",1,"Arizona","AZ","Representative","4",1,1,0,0,0,0,0,1,0,1180697,"304"
"302","Javier Garcia Ramos",1,"Arizona","AZ","Representative","5",1,0,0,0,1,0,0,0,0,6149,"305"
"303","Kirsten Engel",1,"Arizona","AZ","Representative","6",0,1,0,0,0,0,0,0,0,1128175,"306"
"304","Raúl Grijalva",1,"Arizona","AZ","Representative","7",1,0,0,0,1,0,0,1,0,161900,"307"
"305","Mark R. Holland",1,"Kansas","KS","Senator","0",1,1,0,0,0,0,0,0,0,392975,"308"
"306","James ""Jimmy"" Beard",1,"Kansas","KS","Representative","1",1,1,0,0,0,0,0,0,0,7620,"309"
"307","Patrick Schmidt",1,"Kansas","KS","Representative","2",1,1,0,0,0,0,0,0,0,558256,"310"
"308","Sharice Davids",1,"Kansas","KS","Representative","3",0,0,0,0,0,0,1,1,0,2744589,"311"
"309","Bob Hernandez",1,"Kansas","KS","Representative","4",1,0,0,0,1,0,0,0,0,16125,"312"
"310","Bob Lorinser",1,"Michigan","MI","Representative","1",1,1,0,0,0,0,0,0,0,162437,"313"
"311","Jerry Hilliard",1,"Michigan","MI","Representative","2",1,1,0,0,0,0,0,0,0,7303,"314"
"312","Hillary Scholten",1,"Michigan","MI","Representative","3",0,1,0,0,0,0,0,0,0,1603346,"315"
"313","Bart Goldberg",1,"Michigan","MI","Representative","5",1,1,0,0,0,0,0,0,0,101816,"316"
"314","Debbie Dingell",1,"Michigan","MI","Representative","6",0,1,0,0,0,0,0,1,0,284615,"317"
"315","Elissa Slotkin",1,"Michigan","MI","Representative","7",0,1,0,0,0,0,0,1,0,3355459,"318"
"316","Daniel T. Kildee",1,"Michigan","MI","Representative","8",1,1,0,0,0,0,0,1,0,1470416,"319"
"317","Brian Jaye",1,"Michigan","MI","Representative","9",1,1,0,0,0,0,0,0,0,19165,"320"
"318","Carl J. Marlinga",1,"Michigan","MI","Representative","10",1,1,0,0,0,0,0,0,0,515862,"321"
"319","Haley Stevens",1,"Michigan","MI","Representative","11",0,1,0,0,0,0,0,1,0,1207694,"322"
"320","Rashida Tlaib",1,"Michigan","MI","Representative","12",0,0,0,0,0,1,0,1,0,785175,"323"
"321","Shri Thanedar",1,"Michigan","MI","Representative","13",1,0,0,1,0,0,0,0,0,30700,"324"
"322","Trudy Busch Valentine",1,"Missouri","MO","Senator","0",0,1,0,0,0,0,0,0,0,4210218,"325"
"323","Cori Bush",1,"Missouri","MO","Representative","1",0,0,1,0,0,0,0,1,0,578653,"326"
"324","Trish Gunby",1,"Missouri","MO","Representative","2",0,1,0,0,0,0,0,0,0,419546,"327"
"325","Bethany Mann",1,"Missouri","MO","Representative","3",0,1,0,0,0,0,0,0,0,3900,"328"
"326","Jack Truman",1,"Missouri","MO","Representative","4",1,1,0,0,0,0,0,0,0,0,"329"
"327","Emanuel Cleaver II",1,"Missouri","MO","Representative","5",1,0,1,0,0,0,0,1,0,99916,"330"
"328","Henry Martin",1,"Missouri","MO","Representative","6",1,0,1,0,0,0,0,0,0,43476,"331"
"329","Kristen Radaker-Sheafer",1,"Missouri","MO","Representative","7",0,1,0,0,0,0,0,0,0,2920,"332"
"330","Randi McCallian",1,"Missouri","MO","Representative","8",0,1,0,0,0,0,0,0,0,13592,"333"
"331","Patty Murray",1,"Washington","WA","Senator","0",0,1,0,0,0,0,0,1,0,4540293,"334"
"332","Suzan DelBene",1,"Washington","WA","Representative","1",0,1,0,0,0,0,0,1,0,460072,"335"
"333","Rick Larsen",1,"Washington","WA","Representative","2",1,1,0,0,0,0,0,1,0,288721,"336"
"334","Marie Gluesenkamp Perez",1,"Washington","WA","Representative","3",0,1,0,0,1,0,0,0,0,2394322,"337"
"335","Doug White",1,"Washington","WA","Representative","4",1,1,0,0,0,0,0,0,0,364423,"338"
"336","Natasha Hill",1,"Washington","WA","Representative","5",0,0,1,0,0,0,0,0,0,147171,"339"
"337","Derek Kilmer",1,"Washington","WA","Representative","6",1,1,0,0,0,0,0,1,0,505742,"340"
"338","Pramila Jayapal",1,"Washington","WA","Representative","7",0,0,0,1,0,0,0,1,0,648605,"341"
"339","Kim Schrier",1,"Washington","WA","Representative","8",0,1,0,0,0,0,0,1,0,3460010,"342"
"340","Adam Smith",1,"Washington","WA","Representative","9",1,1,0,0,0,0,0,1,0,232158,"343"
"341","Marilyn Strickland",1,"Washington","WA","Representative","10",0,0,1,0,0,0,0,1,0,470309,"344"
"342","Cameron Parsons",1,"Tennessee","TN","Representative","1",1,1,0,0,0,0,0,0,0,0,"345"
"343","Mark Harmon",1,"Tennessee","TN","Representative","2",1,1,0,0,0,0,0,0,0,24757,"346"
"344","Meg Gorman",1,"Tennessee","TN","Representative","3",0,1,0,0,0,0,0,0,0,30775,"347"
"345","Wayne Steele",1,"Tennessee","TN","Representative","4",1,1,0,0,0,0,0,0,0,3838,"348"
"346","Heidi Campbell",1,"Tennessee","TN","Representative","5",0,1,0,0,0,0,0,0,0,597016,"349"
"347","Randal Cooper",1,"Tennessee","TN","Representative","6",1,1,0,0,0,0,0,0,0,0,"350"
"348","Odessa Kelly",1,"Tennessee","TN","Representative","7",0,0,1,0,0,0,0,0,0,312409,"351"
"349","Lynnette P. Williams",1,"Tennessee","TN","Representative","8",0,0,1,0,0,0,0,0,0,375,"352"
"350","Steve Cohen",1,"Tennessee","TN","Representative","9",1,1,0,0,0,0,0,1,0,36800,"353"
"351","Richard Blumenthal",1,"Connecticut","CT","Senator","0",1,1,0,0,0,0,0,1,0,1113278,"354"
"352","John B. Larson",1,"Connecticut","CT","Representative","1",1,1,0,0,0,0,0,1,0,354564,"355"
"353","Joe Courtney",1,"Connecticut","CT","Representative","2",1,1,0,0,0,0,0,1,0,387539,"356"
"354","Rosa L. DeLauro",1,"Connecticut","CT","Representative","3",0,1,0,0,0,0,0,1,0,621480,"357"
"355","Jim Himes",1,"Connecticut","CT","Representative","4",1,1,0,0,0,0,0,1,0,286015,"358"
"356","Jahana Hayes",1,"Connecticut","CT","Representative","5",0,0,1,0,0,0,0,1,0,780429,"359"
"357","Jeff Ettinger",1,"Minnesota","MN","Representative","1",1,1,0,0,0,0,0,0,0,447071,"360"
"358","Angie Craig",1,"Minnesota","MN","Representative","2",0,1,0,0,0,0,0,1,0,2195711,"361"
"359","Dean Phillips",1,"Minnesota","MN","Representative","3",1,1,0,0,0,0,0,1,0,914412,"362"
"360","Betty McCollum",1,"Minnesota","MN","Representative","4",0,1,0,0,0,0,0,1,0,401322,"363"
"361","Ilhan Omar",1,"Minnesota","MN","Representative","5",0,0,1,0,0,0,0,1,0,883752,"364"
"362","Jeanne Hendricks",1,"Minnesota","MN","Representative","6",0,1,0,0,0,0,0,0,0,53890,"365"
"363","Jill Abahsain",1,"Minnesota","MN","Representative","7",0,1,0,0,0,0,0,0,0,10521,"366"
"364","Jen Schultz",1,"Minnesota","MN","Representative","8",0,1,0,0,0,0,0,0,0,274830,"367"
"365","Peter Welch",1,"Vermont","VT","Senator","0",1,1,0,0,0,0,0,0,0,477924,"368"
"366","Becca Balint",1,"Vermont","VT","Representative","0",0,1,0,0,0,0,0,0,0,400722,"369"
"367","Mandela Barnes",1,"Wisconsin","WI","Senator","0",1,0,1,0,0,0,0,0,0,20015109,"370"
"368","Ann Roe",1,"Wisconsin","WI","Representative","1",0,1,0,0,0,0,0,0,0,355947,"371"
"369","Mark Pocan",1,"Wisconsin","WI","Representative","2",1,1,0,0,0,0,0,1,0,153657,"372"
"370","Brad Pfaff",1,"Wisconsin","WI","Representative","3",1,1,0,0,0,0,0,0,0,887654,"373"
"371","Gwen Moore",1,"Wisconsin","WI","Representative","4",0,0,1,0,0,0,0,1,0,110523,"374"
"372","Mike Van Someren",1,"Wisconsin","WI","Representative","5",1,1,0,0,0,0,0,0,0,32616,"375"
"373","Richard ""Dick"" Ausman",1,"Wisconsin","WI","Representative","7",1,1,0,0,0,0,0,0,0,30625,"376"
"374","Brian Schatz",1,"Hawaii","HI","Senator","0",1,1,0,0,0,0,0,1,0,447139,"377"
"375","Ed Case",1,"Hawaii","HI","Representative","1",1,1,0,0,0,0,0,1,0,409232,"378"
"376","Jill N. Tokuda",1,"Hawaii","HI","Representative","2",0,0,0,1,0,0,0,0,0,399722,"379"
"377","Patricia R. Chesbro",1,"Alaska","AK","Senator","0",0,1,0,0,0,0,0,0,0,69540,"380"
"378","Mary S. Peltola",1,"Alaska","AK","Representative","0",0,0,0,0,0,0,1,0,0,3722044,"381"
"379","Lynnette GreyBull",1,"Wyoming","WY","Representative","0",0,0,0,0,0,0,1,0,0,22600,"382"
"380","Val Demings",1,"Florida","FL","Senator","0",0,0,1,0,0,0,0,0,0,24688761,"383"
"381","Rebekah Jones",1,"Florida","FL","Representative","1",0,1,0,0,0,0,0,0,0,277244,"384"
"382","Al Lawson",1,"Florida","FL","Representative","2",1,0,1,0,0,0,0,1,0,165345,"386"
"383","Danielle Hawk",1,"Florida","FL","Representative","3",0,1,0,0,0,0,0,0,0,24122,"387"
"384","LaShonda ""L.J."" Holloway",1,"Florida","FL","Representative","4",0,0,1,0,0,0,0,0,0,1300,"388"
"385","Karen Green",1,"Florida","FL","Representative","7",0,0,1,0,0,0,0,0,0,29630,"389"
"386","Joanne Terry",1,"Florida","FL","Representative","8",0,1,0,0,0,0,0,0,0,31518,"390"
"387","Darren Soto",1,"Florida","FL","Representative","9",1,0,0,0,1,0,0,1,0,204202,"391"
"388","Maxwell Alejandro Frost",1,"Florida","FL","Representative","10",1,0,1,0,1,0,0,0,0,857387,"392"
"389","Shante Munns",1,"Florida","FL","Representative","11",0,0,1,0,0,0,0,0,0,1920,"393"
"390","Kimberly Walker",1,"Florida","FL","Representative","12",0,0,1,0,0,0,0,0,0,3522,"394"
"391","Eric Lynn",1,"Florida","FL","Representative","13",1,1,0,0,0,0,0,0,0,1033314,"395"
"392","Kathy Castor",1,"Florida","FL","Representative","14",0,1,0,0,0,0,0,1,0,303373,"396"
"393","Alan M. Cohn",1,"Florida","FL","Representative","15",1,1,0,0,0,0,0,0,0,651068,"397"
"394","Jan Schneider",1,"Florida","FL","Representative","16",0,1,0,0,0,0,0,0,0,1517,"398"
"395","Andrea Doria Kale",1,"Florida","FL","Representative","17",0,1,0,0,0,0,0,0,0,4210,"399"
"396","Cindy Banyai",1,"Florida","FL","Representative","19",0,1,0,0,0,0,0,0,0,18725,"400"
"397","Sheila Cherfilus-McCormick",1,"Florida","FL","Representative","20",0,0,1,0,0,0,0,1,0,161181,"401"
"398","Corinna Balderramos Robinson",1,"Florida","FL","Representative","21",0,1,0,0,1,0,0,0,0,41470,"402"
"399","Lois Frankel",1,"Florida","FL","Representative","22",0,1,0,0,0,0,0,1,0,247757,"403"
"400","Jared Moskowitz",1,"Florida","FL","Representative","23",1,1,0,0,0,0,0,0,0,358291,"404"
"401","Frederica Wilson",1,"Florida","FL","Representative","24",0,0,1,0,0,0,0,1,0,77521,"405"
"402","Debbie Wasserman Schultz",1,"Florida","FL","Representative","25",0,1,0,0,0,0,0,1,0,592607,"406"
"403","Christine Alexandria Olivo",1,"Florida","FL","Representative","26",0,0,1,0,0,0,0,0,0,57416,"407"
"404","Annette Taddeo",1,"Florida","FL","Representative","27",0,0,0,0,1,0,0,0,0,1334976,"408"
"405","Robert Asencio",1,"Florida","FL","Representative","28",1,0,0,0,1,0,0,0,0,65282,"409"
"406","Bridget Fleming",1,"New York","NY","Representative","1",0,1,0,0,0,0,0,0,0,1461001,"410"
"407","Jackie Gordon",1,"New York","NY","Representative","2",0,0,1,0,0,0,0,0,0,619891,"411"
"408","Robert P. Zimmerman",1,"New York","NY","Representative","3",1,1,0,0,0,0,0,0,0,1318265,"412"
"409","Laura A. Gillen",1,"New York","NY","Representative","4",0,1,0,0,0,0,0,0,0,743227,"413"
"410","Gregory Meeks",1,"New York","NY","Representative","5",1,0,1,0,0,0,0,1,0,359153,"414"
"411","Grace Meng",1,"New York","NY","Representative","6",0,0,0,1,0,0,0,1,0,361106,"415"
"412","Nydia M. Velazquez",1,"New York","NY","Representative","7",0,0,0,0,1,0,0,1,0,29916,"416"
"413","Hakeem S. Jeffries",1,"New York","NY","Representative","8",1,0,1,0,0,0,0,1,0,1212373,"417"
"414","Yvette Clarke",1,"New York","NY","Representative","9",0,0,1,0,0,0,0,1,0,64647,"418"
"415","Daniel Goldman",1,"New York","NY","Representative","10",1,1,0,0,0,0,0,0,0,1570584,"419"
"416","Max N. Rose",1,"New York","NY","Representative","11",1,1,0,0,0,0,0,0,0,1162712,"420"
"417","Jerrold L. Nadler",1,"New York","NY","Representative","12",1,1,0,0,0,0,0,1,0,976680,"421"
"418","Adriano Espaillat",1,"New York","NY","Representative","13",1,0,0,0,1,0,0,1,0,402101,"422"
"419","Alexandria Ocasio-Cortez",1,"New York","NY","Representative","14",0,0,0,0,1,0,0,1,0,1707783,"423"
"420","Ritchie J. Torres",1,"New York","NY","Representative","15",1,0,1,0,1,0,0,1,0,1515360,"424"
"421","Jamaal Bowman",1,"New York","NY","Representative","16",1,0,1,0,0,0,0,1,0,455122,"425"
"422","Sean Patrick Maloney",1,"New York","NY","Representative","17",1,1,0,0,0,0,0,1,0,1967612,"426"
"423","Pat Ryan",1,"New York","NY","Representative","18",1,1,0,0,0,0,0,0,0,2757923,"427"
"424","Josh Riley",1,"New York","NY","Representative","19",1,1,0,0,0,0,0,0,0,2095138,"428"
"425","Paul D. Tonko",1,"New York","NY","Representative","20",1,1,0,0,0,0,0,1,0,283445,"429"
"426","Matt Castelli",1,"New York","NY","Representative","21",1,1,0,0,0,0,0,0,0,1151520,"430"
"427","Francis Conole",1,"New York","NY","Representative","22",1,1,0,0,0,0,0,0,0,1486214,"431"
"428","Max H. Della Pia",1,"New York","NY","Representative","23",1,1,0,0,0,0,0,0,0,114990,"432"
"429","Steven Holden",1,"New York","NY","Representative","24",1,1,0,0,0,0,0,0,0,43043,"433"
"430","Joseph D. Morelle",1,"New York","NY","Representative","25",1,1,0,0,0,0,0,1,0,556186,"434"
"431","Brian Higgins",1,"New York","NY","Representative","26",1,1,0,0,0,0,0,1,0,260698,"435"
"432","Richard E. Neal",1,"Massachusetts","MA","Representative","1",1,1,0,0,0,0,0,1,0,425407,"436"
"433","James P. McGovern",1,"Massachusetts","MA","Representative","2",1,1,0,0,0,0,0,1,0,307952,"437"
"434","Lori Loureiro Trahan",1,"Massachusetts","MA","Representative","3",0,1,0,0,0,0,0,1,0,547740,"438"
"435","Jake Auchincloss",1,"Massachusetts","MA","Representative","4",1,1,0,0,0,0,0,1,0,823972,"439"
"436","Katherine M. Clark",1,"Massachusetts","MA","Representative","5",0,1,0,0,0,0,0,1,0,356024,"440"
"437","Seth Moulton",1,"Massachusetts","MA","Representative","6",1,1,0,0,0,0,0,1,0,333399,"441"
"438","Ayanna S. Pressley",1,"Massachusetts","MA","Representative","7",0,0,1,0,0,0,0,1,0,319561,"442"
"439","Stephen F. Lynch",1,"Massachusetts","MA","Representative","8",1,1,0,0,0,0,0,1,0,316855,"443"
"440","Bill Keating",1,"Massachusetts","MA","Representative","9",1,1,0,0,0,0,0,1,0,159383,"444"
"441","Lisa Blunt Rochester",1,"Delaware","DE","Representative","0",0,0,1,0,0,0,0,1,0,608714,"445"
"442","Maggie Hassan",1,"New Hampshire","NH","Senator","0",0,1,0,0,0,0,0,1,0,12184882,"446"
"443","Chris Pappas",1,"New Hampshire","NH","Representative","1",1,1,0,0,0,0,0,1,0,1743249,"447"
"444","Ann McLane Kuster",1,"New Hampshire","NH","Representative","2",0,1,0,0,0,0,0,1,0,1267419,"448"
"445","David N. Cicilline",1,"Rhode Island","RI","Representative","1",1,1,0,0,0,0,0,1,0,419463,"449"
"446","Seth M. Magaziner",1,"Rhode Island","RI","Representative","2",1,1,0,0,0,0,0,0,0,1155719,"450"
"447","Nathaniel Moran",0,"Texas","TX","Representative","1",1,1,0,0,0,0,0,0,0,78080,"451"
"448","Dan Crenshaw",0,"Texas","TX","Representative","2",1,1,0,0,0,0,0,1,0,2416874,"452"
"449","Keith Self",0,"Texas","TX","Representative","3",1,1,0,0,0,0,0,0,1,269160,"453"
"450","Pat Fallon",0,"Texas","TX","Representative","4",1,1,0,0,0,0,0,1,1,113826,"454"
"451","Lance Gooden",0,"Texas","TX","Representative","5",1,1,0,0,0,0,0,1,1,217782,"455"
"452","Jake Ellzey",0,"Texas","TX","Representative","6",1,1,0,0,0,0,0,1,0,1618745,"456"
"453","Johnny Teague",0,"Texas","TX","Representative","7",1,1,0,0,0,0,0,0,0,81275,"457"
"454","Morgan Luttrell",0,"Texas","TX","Representative","8",1,1,0,0,0,0,0,0,1,1334823,"458"
"455","Jimmy I. Leon",0,"Texas","TX","Representative","9",1,0,0,0,0,0,0,0,0,0,"459"
"456","Michael McCaul",0,"Texas","TX","Representative","10",1,1,0,0,0,0,0,1,0,970436,"460"
"457","August Pfluger",0,"Texas","TX","Representative","11",1,1,0,0,0,0,0,1,1,399435,"461"
"458","Kay Granger",0,"Texas","TX","Representative","12",0,1,0,0,0,0,0,1,0,517962,"462"
"459","Ronny Jackson",0,"Texas","TX","Representative","13",1,1,0,0,0,0,0,1,1,1018039,"463"
"460","Randy Weber",0,"Texas","TX","Representative","14",1,1,0,0,0,0,0,1,1,316659,"464"
"461","Monica De La Cruz",0,"Texas","TX","Representative","15",0,0,0,0,1,0,0,0,1,1340477,"465"
"462","Irene Armendariz-Jackson",0,"Texas","TX","Representative","16",0,0,0,0,1,0,0,0,1,95138,"466"
"463","Pete Sessions",0,"Texas","TX","Representative","17",1,1,0,0,0,0,0,1,1,253890,"467"
"464","Carmen Maria Montiel",0,"Texas","TX","Representative","18",0,0,0,0,1,0,0,0,1,66095,"468"
"465","Jodey C. Arrington",0,"Texas","TX","Representative","19",1,1,0,0,0,0,0,1,1,245759,"469"
"466","Kyle Sinclair",0,"Texas","TX","Representative","20",1,1,0,0,0,0,0,0,0,107341,"470"
"467","Chip Roy",0,"Texas","TX","Representative","21",1,1,0,0,0,0,0,1,0,718640,"471"
"468","Troy E. Nehls",0,"Texas","TX","Representative","22",1,1,0,0,0,0,0,1,1,286216,"472"
"469","Tony Gonzales",0,"Texas","TX","Representative","23",1,0,0,0,1,0,0,1,0,562821,"473"
"470","Beth Van Duyne",0,"Texas","TX","Representative","24",0,1,0,0,0,0,0,1,1,531283,"474"
"471","Roger Williams",0,"Texas","TX","Representative","25",1,1,0,0,0,0,0,1,1,178510,"475"
"472","Michael C. Burgess",0,"Texas","TX","Representative","26",1,1,0,0,0,0,0,1,1,168720,"476"
"473","Michael Cloud",0,"Texas","TX","Representative","27",1,1,0,0,0,0,0,1,1,233327,"477"
"474","Cassy Garcia",0,"Texas","TX","Representative","28",0,0,0,0,1,0,0,0,0,628730,"478"
"475","Robert Schafranek",0,"Texas","TX","Representative","29",1,1,0,0,0,0,0,0,0,0,"479"
"476","James Rodgers",0,"Texas","TX","Representative","30",1,1,0,0,0,0,0,0,0,28782,"480"
"477","John Carter",0,"Texas","TX","Representative","31",1,1,0,0,0,0,0,1,1,237731,"481"
"478","Antonio Swad",0,"Texas","TX","Representative","32",1,0,0,0,1,0,0,0,0,40347,"482"
"479","Patrick David Gillespie",0,"Texas","TX","Representative","33",1,1,0,0,0,0,0,0,0,0,"483"
"480","Mayra Flores",0,"Texas","TX","Representative","34",0,0,0,0,1,0,0,0,1,1309445,"484"
"481","Dan McQueen",0,"Texas","TX","Representative","35",1,1,0,0,0,0,0,0,0,0,"485"
"482","Brian Babin",0,"Texas","TX","Representative","36",1,1,0,0,0,0,0,1,1,303495,"486"
"483","Jenny Garcia Sharon",0,"Texas","TX","Representative","37",0,1,0,0,0,0,0,0,1,1350,"487"
"484","Wesley Hunt",0,"Texas","TX","Representative","38",1,0,1,0,0,0,0,0,0,1538357,"488"
"485","Todd Young",0,"Indiana","IN","Senator","0",1,1,0,0,0,0,0,1,0,2036744,"489"
"486","Jennifer-Ruth Green",0,"Indiana","IN","Representative","1",0,0,1,0,0,0,0,0,0,1116519,"490"
"487","Jackie Walorski",0,"Indiana","IN","Representative","2",0,1,0,0,0,0,0,1,1,288247,"491"
"488","Jim Banks",0,"Indiana","IN","Representative","3",1,1,0,0,0,0,0,1,0,562754,"492"
"489","Jim Baird",0,"Indiana","IN","Representative","4",1,1,0,0,0,0,0,1,1,43558,"493"
"490","Victoria Spartz",0,"Indiana","IN","Representative","5",0,1,0,0,0,0,0,1,0,810433,"494"
"491","Greg Pence",0,"Indiana","IN","Representative","6",1,1,0,0,0,0,0,1,1,418398,"495"
"492","Angela Grabovsky",0,"Indiana","IN","Representative","7",0,1,0,0,0,0,0,0,0,116935,"496"
"493","Larry D. Bucshon",0,"Indiana","IN","Representative","8",1,1,0,0,0,0,0,1,0,171832,"497"
"494","Erin Houchin",0,"Indiana","IN","Representative","9",0,1,0,0,0,0,0,0,0,195496,"498"
"495","J.D. Vance",0,"Ohio","OH","Senator","0",1,1,0,0,0,0,0,0,1,5092005,"499"
"496","Steve Chabot",0,"Ohio","OH","Representative","1",1,1,0,0,0,0,0,1,1,587367,"500"
"497","Brad Wenstrup",0,"Ohio","OH","Representative","2",1,1,0,0,0,0,0,1,0,243152,"501"
"498","Lee R. Stahley",0,"Ohio","OH","Representative","3",1,1,0,0,0,0,0,0,0,0,"502"
"499","Jim Jordan",0,"Ohio","OH","Representative","4",1,1,0,0,0,0,0,1,1,2969673,"503"
"500","Bob Latta",0,"Ohio","OH","Representative","5",1,1,0,0,0,0,0,1,0,241535,"504"
"501","Bill Johnson",0,"Ohio","OH","Representative","6",1,1,0,0,0,0,0,1,1,218367,"505"
"502","Max Miller",0,"Ohio","OH","Representative","7",1,1,0,0,0,0,0,0,1,480223,"506"
"503","Warren Davidson",0,"Ohio","OH","Representative","8",1,1,0,0,0,0,0,1,1,241346,"507"
"504","J.R. Majewski",0,"Ohio","OH","Representative","9",1,1,0,0,0,0,0,0,1,287126,"508"
"505","Mike Turner",0,"Ohio","OH","Representative","10",1,1,0,0,0,0,0,1,0,176895,"509"
"506","Eric J. Brewer",0,"Ohio","OH","Representative","11",1,0,1,0,0,0,0,0,0,0,"510"
"507","Troy Balderson",0,"Ohio","OH","Representative","12",1,1,0,0,0,0,0,1,0,400590,"511"
"508","Madison Gesiotto Gilbert",0,"Ohio","OH","Representative","13",0,1,0,0,0,0,0,0,0,593758,"512"
"509","David P. Joyce",0,"Ohio","OH","Representative","14",1,1,0,0,0,0,0,1,0,588910,"513"
"510","Mike Carey",0,"Ohio","OH","Representative","15",1,1,0,0,0,0,0,1,0,636839,"514"
"511","Jim Myles",0,"Virginia","VA","Representative","11",1,1,0,0,0,0,0,0,0,131054,"515"
"512","Carol Miller",0,"West Virginia","WV","Representative","1",0,1,0,0,0,0,0,1,1,214146,"516"
"513","Alexander X. Mooney",0,"West Virginia","WV","Representative","2",1,1,0,0,1,0,0,1,1,450464,"517"
"514","Mike Flood",0,"Nebraska","NE","Representative","1",1,1,0,0,0,0,0,0,0,542991,"518"
"515","Don Bacon",0,"Nebraska","NE","Representative","2",1,1,0,0,0,0,0,1,0,734278,"519"
"516","Adrian Smith",0,"Nebraska","NE","Representative","3",1,1,0,0,0,0,0,1,0,167909,"520"
"517","Rand Paul",0,"Kentucky","KY","Senator","0",1,1,0,0,0,0,0,1,0,4987117,"521"
"518","James R. Comer",0,"Kentucky","KY","Representative","1",1,1,0,0,0,0,0,1,0,490999,"522"
"519","S. Brett Guthrie",0,"Kentucky","KY","Representative","2",1,1,0,0,0,0,0,1,0,119925,"523"
"520","Stuart N. Ray",0,"Kentucky","KY","Representative","3",1,1,0,0,0,0,0,0,0,139849,"524"
"521","Thomas Massie",0,"Kentucky","KY","Representative","4",1,1,0,0,0,0,0,1,0,232761,"525"
"522","Harold ""Hal"" Rogers",0,"Kentucky","KY","Representative","5",1,1,0,0,0,0,0,1,1,219000,"526"
"523","Andy Barr",0,"Kentucky","KY","Representative","6",1,1,0,0,0,0,0,1,0,750572,"527"
"524","Jo Rae Perkins",0,"Oregon","OR","Senator","0",0,1,0,0,0,0,0,0,1,36430,"528"
"525","Christopher A. Mann",0,"Oregon","OR","Representative","1",1,1,0,0,0,0,0,0,1,0,"529"
"526","Cliff S. Bentz",0,"Oregon","OR","Representative","2",1,1,0,0,0,0,0,1,0,298795,"530"
"527","Joanna Harbour",0,"Oregon","OR","Representative","3",0,1,0,0,0,0,0,0,0,5400,"531"
"528","Alek Skarlatos",0,"Oregon","OR","Representative","4",1,1,0,0,0,0,0,0,0,1527424,"532"
"529","Lori Chavez-DeRemer",0,"Oregon","OR","Representative","5",0,0,0,0,1,0,0,0,0,967504,"533"
"530","Mike Erickson",0,"Oregon","OR","Representative","6",1,1,0,0,0,0,0,0,0,501550,"534"
"531","Mike Crapo",0,"Idaho","ID","Senator","0",1,1,0,0,0,0,0,1,0,668013,"535"
"532","Russ Fulcher",0,"Idaho","ID","Representative","1",1,1,0,0,0,0,0,1,1,99160,"536"
"533","Mike Simpson",0,"Idaho","ID","Representative","2",1,1,0,0,0,0,0,1,0,183626,"537"
"534","Ted Budd",0,"North Carolina","NC","Senator","0",1,1,0,0,0,0,0,0,0,5035019,"538"
"535","Sandy Smith",0,"North Carolina","NC","Representative","1",0,1,0,0,0,0,0,0,1,400451,"539"
"536","Christine E. Villaverde",0,"North Carolina","NC","Representative","2",0,1,0,0,0,0,0,0,0,46400,"541"
"537","Greg Murphy",0,"North Carolina","NC","Representative","3",1,1,0,0,0,0,0,1,1,719158,"542"
"538","Courtney Geels",0,"North Carolina","NC","Representative","4",0,1,0,0,0,0,0,0,0,177378,"543"
"539","Virginia Foxx",0,"North Carolina","NC","Representative","5",0,1,0,0,0,0,0,1,1,505932,"544"
"540","Christian Castelli",0,"North Carolina","NC","Representative","6",1,1,0,0,0,0,0,0,0,344192,"545"
"541","David Rouzer",0,"North Carolina","NC","Representative","7",1,1,0,0,0,0,0,1,1,278633,"546"
"542","Dan Bishop",0,"North Carolina","NC","Representative","8",1,1,0,0,0,0,0,1,1,449819,"547"
"543","Richard Hudson",0,"North Carolina","NC","Representative","9",1,1,0,0,0,0,0,1,1,886736,"548"
"544","Patrick McHenry",0,"North Carolina","NC","Representative","10",1,1,0,0,0,0,0,1,0,563578,"549"
"545","Chuck Edwards",0,"North Carolina","NC","Representative","11",1,1,0,0,0,0,0,0,0,229284,"550"
"546","Tyler Lee",0,"North Carolina","NC","Representative","12",1,1,0,0,0,0,0,0,0,113381,"551"
"547","Bo Hines",0,"North Carolina","NC","Representative","13",1,1,0,0,0,0,0,0,1,718892,"552"
"548","Pat Harrigan",0,"North Carolina","NC","Representative","14",1,1,0,0,0,0,0,0,0,392454,"553"
"549","Mehmet Oz",0,"Pennsylvania","PA","Senator","0",1,0,0,0,0,1,0,0,0,10161294,"554"
"550","Brian Fitzpatrick",0,"Pennsylvania","PA","Representative","1",1,1,0,0,0,0,0,1,0,629707,"555"
"551","Aaron Bashir",0,"Pennsylvania","PA","Representative","2",1,0,0,1,0,0,0,0,1,0,"556"
"552","Christian Nascimento",0,"Pennsylvania","PA","Representative","4",1,1,0,0,0,0,0,0,0,131510,"557"
"553","David Galluch",0,"Pennsylvania","PA","Representative","5",1,1,0,0,0,0,0,0,0,359272,"558"
"554","Guy Ciarrocchi",0,"Pennsylvania","PA","Representative","6",1,1,0,0,0,0,0,0,0,363263,"559"
"555","Lisa Scheller",0,"Pennsylvania","PA","Representative","7",0,1,0,0,0,0,0,0,0,1300250,"560"
"556","Jim Bognet",0,"Pennsylvania","PA","Representative","8",1,1,0,0,0,0,0,0,1,1131479,"561"
"557","Dan Meuser",0,"Pennsylvania","PA","Representative","9",1,1,0,0,0,0,0,1,1,433305,"562"
"558","Scott Perry",0,"Pennsylvania","PA","Representative","10",1,1,0,0,0,0,0,1,1,1057229,"563"
"559","Lloyd K. Smucker",0,"Pennsylvania","PA","Representative","11",1,1,0,0,0,0,0,1,1,118548,"564"
"560","Mike Doyle",0,"Pennsylvania","PA","Representative","12",1,1,0,0,0,0,0,0,0,81252,"565"
"561","John Joyce",0,"Pennsylvania","PA","Representative","13",1,1,0,0,0,0,0,1,1,144526,"566"
"562","Guy Reschenthaler",0,"Pennsylvania","PA","Representative","14",1,1,0,0,0,0,0,1,1,405754,"567"
"563","Glenn ""GT"" Thompson",0,"Pennsylvania","PA","Representative","15",1,1,0,0,0,0,0,1,1,503434,"568"
"564","Mike Kelly",0,"Pennsylvania","PA","Representative","16",1,1,0,0,0,0,0,1,1,240935,"569"
"565","Jeremy Shaffer",0,"Pennsylvania","PA","Representative","17",1,1,0,0,0,0,0,0,0,803092,"570"
"566","Bob Good",0,"Virginia","VA","Representative","5",1,1,0,0,0,0,0,1,1,313437,"571"
"567","Karina Lipsman",0,"Virginia","VA","Representative","8",0,1,0,0,0,0,0,0,0,113053,"572"
"568","Hung Cao",0,"Virginia","VA","Representative","10",1,0,0,1,0,0,0,0,0,1547619,"573"
"569","Katie Britt",0,"Alabama","AL","Senator","0",0,1,0,0,0,0,0,0,1,3531472,"574"
"570","Jerry Carl",0,"Alabama","AL","Representative","1",1,1,0,0,0,0,0,1,1,184307,"575"
"571","Barry Moore",0,"Alabama","AL","Representative","2",1,1,0,0,0,0,0,1,1,191361,"576"
"572","Mike Rogers",0,"Alabama","AL","Representative","3",1,1,0,0,0,0,0,1,1,954360,"577"
"573","Robert Aderholt",0,"Alabama","AL","Representative","4",1,1,0,0,0,0,0,1,1,357328,"578"
"574","Dale Strong",0,"Alabama","AL","Representative","5",1,1,0,0,0,0,0,0,1,310035,"579"
"575","Gary Palmer",0,"Alabama","AL","Representative","6",1,1,0,0,0,0,0,1,1,201618,"580"
"576","Beatrice Nichols",0,"Alabama","AL","Representative","7",0,1,0,0,0,0,0,0,0,15990,"581"
"577","John Boozman",0,"Arkansas","AR","Senator","0",1,1,0,0,0,0,0,1,0,1377221,"582"
"578","Rick Crawford",0,"Arkansas","AR","Representative","1",1,1,0,0,0,0,0,1,1,129303,"583"
"579","French Hill",0,"Arkansas","AR","Representative","2",1,1,0,0,0,0,0,1,0,735158,"584"
"580","Steve Womack",0,"Arkansas","AR","Representative","3",1,1,0,0,0,0,0,1,0,398698,"585"
"581","Bruce Westerman",0,"Arkansas","AR","Representative","4",1,1,0,0,0,0,0,1,0,485454,"586"
"582","Herschel Junior Walker",0,"Georgia","GA","Senator","0",1,0,1,0,0,0,0,0,0,15054373,"587"
"583","Earl L. ""Buddy"" Carter",0,"Georgia","GA","Representative","1",1,1,0,0,0,0,0,1,0,414031,"588"
"584","Chris West",0,"Georgia","GA","Representative","2",1,1,0,0,0,0,0,0,0,340266,"589"
"585","Drew Ferguson",0,"Georgia","GA","Representative","3",1,1,0,0,0,0,0,1,0,280240,"590"
"586","Jonathan Chavez",0,"Georgia","GA","Representative","4",1,1,0,0,0,0,0,0,0,0,"591"
"587","Christian Zimm",0,"Georgia","GA","Representative","5",1,1,0,0,0,0,0,0,0,11224,"592"
"588","Rich McCormick",0,"Georgia","GA","Representative","6",1,1,0,0,0,0,0,0,1,1252980,"593"
"589","Mark Gonsalves",0,"Georgia","GA","Representative","7",1,1,0,0,0,0,0,0,1,216632,"594"
"590","Austin Scott",0,"Georgia","GA","Representative","8",1,1,0,0,0,0,0,1,0,175500,"595"
"591","Andrew Clyde",0,"Georgia","GA","Representative","9",1,1,0,0,0,0,0,1,1,202336,"596"
"592","Mike Collins",0,"Georgia","GA","Representative","10",1,1,0,0,0,0,0,0,1,527584,"597"
"593","Barry Loudermilk",0,"Georgia","GA","Representative","11",1,1,0,0,0,0,0,1,1,200132,"598"
"594","Rick W. Allen",0,"Georgia","GA","Representative","12",1,1,0,0,0,0,0,1,1,259336,"599"
"595","Caesar Gonzales",0,"Georgia","GA","Representative","13",1,0,0,0,1,0,0,0,1,3765,"600"
"596","Marjorie Taylor Greene",0,"Georgia","GA","Representative","14",0,1,0,0,0,0,0,1,1,1424754,"601"
"597","Michelle Garcia Holmes",0,"New Mexico","NM","Representative","1",0,1,0,0,0,0,0,0,0,116185,"602"
"598","Yvette Herrell",0,"New Mexico","NM","Representative","2",0,1,0,0,0,0,1,1,1,1330445,"603"
"599","Alexis Martinez Johnson",0,"New Mexico","NM","Representative","3",0,0,0,0,1,0,0,0,0,147631,"604"
"600","Trent Kelly",0,"Mississippi","MS","Representative","1",1,1,0,0,0,0,0,1,1,247811,"605"
"601","Brian Flowers",0,"Mississippi","MS","Representative","2",1,1,0,0,0,0,0,0,1,6600,"606"
"602","Michael Guest",0,"Mississippi","MS","Representative","3",1,1,0,0,0,0,0,1,0,209944,"607"
"603","Mike Ezell",0,"Mississippi","MS","Representative","4",1,1,0,0,0,0,0,0,0,375510,"608"
"604","Ryan K. Zinke",0,"Montana","MT","Representative","1",1,1,0,0,0,0,0,0,0,1882284,"609"
"605","Matt Rosendale",0,"Montana","MT","Representative","2",1,1,0,0,0,0,0,1,1,455588,"610"
"606","Chuck Grassley",0,"Iowa","IA","Senator","0",1,1,0,0,0,0,0,1,0,1782203,"611"
"607","Mariannette Miller-Meeks",0,"Iowa","IA","Representative","1",0,1,0,0,0,0,0,1,0,1127185,"612"
"608","Ashley Hinson",0,"Iowa","IA","Representative","2",0,1,0,0,0,0,0,1,0,1702432,"613"
"609","Zach Nunn",0,"Iowa","IA","Representative","3",1,1,0,0,0,0,0,0,0,1004919,"614"
"610","Randy Feenstra",0,"Iowa","IA","Representative","4",1,1,0,0,0,0,0,1,0,464065,"615"
"611","John R. Thune",0,"South Dakota","SD","Senator","0",1,1,0,0,0,0,0,1,0,1087447,"616"
"612","Dusty Johnson",0,"South Dakota","SD","Representative","0",1,1,0,0,0,0,0,1,0,442173,"617"
"613","Claire Gustafson",0,"New Jersey","NJ","Representative","1",0,1,0,0,0,0,0,0,0,0,"618"
"614","Jeff Van Drew",0,"New Jersey","NJ","Representative","2",1,1,0,0,0,0,0,1,0,621328,"619"
"615","Bob Healey",0,"New Jersey","NJ","Representative","3",1,1,0,0,0,0,0,0,0,607764,"620"
"616","Christopher H. Smith",0,"New Jersey","NJ","Representative","4",1,1,0,0,0,0,0,1,0,285020,"621"
"617","Frank T. Pallotta",0,"New Jersey","NJ","Representative","5",1,1,0,0,0,0,0,0,0,345236,"622"
"618","Susan M. Kiley",0,"New Jersey","NJ","Representative","6",0,1,0,0,0,0,0,0,0,116861,"623"
"619","Thomas H. Kean Jr.",0,"New Jersey","NJ","Representative","7",1,1,0,0,0,0,0,0,0,1710273,"624"
"620","Marcos Arroyo",0,"New Jersey","NJ","Representative","8",1,0,0,0,1,0,0,0,0,0,"625"
"621","Billy Prempeh",0,"New Jersey","NJ","Representative","9",1,0,1,0,0,0,0,0,0,88506,"626"
"622","David H. Pinckney",0,"New Jersey","NJ","Representative","10",1,0,0,0,0,0,0,0,0,0,"627"
"623","Paul DeGroot",0,"New Jersey","NJ","Representative","11",1,1,0,0,0,0,0,0,0,169354,"628"
"624","Darius Mayfield",0,"New Jersey","NJ","Representative","12",1,0,1,0,0,0,0,0,1,67335,"629"
"625","Mark P. Meuser",0,"California","CA","Senator","0",1,1,0,0,0,0,0,0,0,297914,"630"
"626","Doug LaMalfa",0,"California","CA","Representative","1",1,1,0,0,0,0,0,1,1,233989,"631"
"627","Douglas Brower",0,"California","CA","Representative","2",1,1,0,0,0,0,0,0,0,5907,"632"
"628","Kevin Kiley",0,"California","CA","Representative","3",1,1,0,0,0,0,0,0,0,1169273,"633"
"629","Matt Brock",0,"California","CA","Representative","4",1,1,0,0,0,0,0,0,0,2250,"634"
"630","Tom McClintock",0,"California","CA","Representative","5",1,1,0,0,0,0,0,1,0,407887,"635"
"631","Tamika Hamilton",0,"California","CA","Representative","6",0,0,1,0,0,0,0,0,0,303264,"636"
"632","Max Semenenko",0,"California","CA","Representative","7",1,1,0,0,0,0,0,0,0,4152,"637"
"633","Rudy Recile",0,"California","CA","Representative","8",1,0,0,1,0,0,0,0,0,6105,"638"
"634","Tom Patti",0,"California","CA","Representative","9",1,1,0,0,0,0,0,0,0,603806,"639"
"635","John Dennis",0,"California","CA","Representative","11",1,1,0,0,0,0,0,0,1,142742,"640"
"636","Stephen Slauson",0,"California","CA","Representative","12",1,1,0,0,0,0,0,0,0,0,"641"
"637","John Duarte",0,"California","CA","Representative","13",1,1,0,0,0,0,0,0,0,1046342,"642"
"638","Alison Hayden",0,"California","CA","Representative","14",0,1,0,0,0,0,0,0,1,0,"643"
"639","Ritesh Tandon",0,"California","CA","Representative","17",1,0,0,1,0,0,0,0,0,55536,"644"
"640","Peter Hernandez",0,"California","CA","Representative","18",1,0,0,0,1,0,0,0,0,118242,"645"
"641","Jeff Gorman",0,"California","CA","Representative","19",1,1,0,0,0,0,0,0,0,18585,"646"
"642","Kevin McCarthy",0,"California","CA","Representative","20",1,1,0,0,0,0,0,1,1,11289364,"647"
"643","Michael Maher",0,"California","CA","Representative","21",1,1,0,0,0,0,0,0,0,153670,"648"
"644","David G. Valadao",0,"California","CA","Representative","22",1,1,0,0,0,0,0,1,0,754599,"649"
"645","Jay Obernolte",0,"California","CA","Representative","23",1,1,0,0,0,0,0,1,0,289701,"650"
"646","Brad Allen",0,"California","CA","Representative","24",1,1,0,0,0,0,0,0,0,8000,"651"
"647","Brian E. Hawkins",0,"California","CA","Representative","25",1,0,1,0,0,0,0,0,0,113955,"652"
"648","Matt Jacobs",0,"California","CA","Representative","26",1,1,0,0,0,0,0,0,0,974432,"653"
"649","Mike Garcia",0,"California","CA","Representative","27",1,0,0,0,1,0,0,1,1,2022120,"654"
"650","Wes Hallman",0,"California","CA","Representative","28",1,1,0,0,0,0,0,0,0,45872,"655"
"651","Daniel Bocic Martinez",0,"California","CA","Representative","31",1,1,0,0,0,0,0,0,0,0,"656"
"652","Lucie Lapointe Volotzky",0,"California","CA","Representative","32",0,1,0,0,0,0,0,0,0,25640,"657"
"653","John Mark Porter",0,"California","CA","Representative","33",1,1,0,0,0,0,0,0,0,3432,"658"
"654","Mike Cargile",0,"California","CA","Representative","35",1,1,0,0,0,0,0,0,1,21015,"659"
"655","Joe E. Collins III",0,"California","CA","Representative","36",1,0,1,0,0,0,0,0,1,258445,"660"
"656","Eric J. Ching",0,"California","CA","Representative","38",1,0,0,1,0,0,0,0,1,91414,"661"
"657","Aja Smith",0,"California","CA","Representative","39",0,0,1,0,0,0,0,0,1,8921,"662"
"658","Young Kim",0,"California","CA","Representative","40",0,0,0,1,0,0,0,1,0,3804953,"663"
"659","Ken Calvert",0,"California","CA","Representative","41",1,1,0,0,0,0,0,1,1,984432,"664"
"660","John Briscoe",0,"California","CA","Representative","42",1,1,0,0,0,0,0,0,1,14675,"665"
"661","Omar Navarro",0,"California","CA","Representative","43",1,0,0,0,1,0,0,0,1,1995,"666"
"662","Paul Jones",0,"California","CA","Representative","44",1,1,0,0,0,0,0,0,0,0,"667"
"663","Michelle Steel",0,"California","CA","Representative","45",0,0,0,1,0,0,0,1,0,1344402,"668"
"664","Christopher J. Gonzales",0,"California","CA","Representative","46",1,0,0,0,1,0,0,0,0,24688,"669"
"665","Scott Baugh",0,"California","CA","Representative","47",1,1,0,0,0,0,0,0,0,867953,"670"
"666","Darrell Issa",0,"California","CA","Representative","48",1,1,0,0,0,0,0,1,1,366679,"671"
"667","Brian Maryott",0,"California","CA","Representative","49",1,1,0,0,0,0,0,0,0,2114405,"672"
"668","Corey Gustafson",0,"California","CA","Representative","50",1,1,0,0,0,0,0,0,0,28307,"673"
"669","Stan Caplan",0,"California","CA","Representative","51",1,1,0,0,0,0,0,0,0,56008,"674"
"670","Tyler Geffeney",0,"California","CA","Representative","52",1,1,0,0,0,0,0,0,0,8180,"675"
"671","Edwin Thelander",0,"Maine","ME","Representative","1",1,1,0,0,0,0,0,0,0,122716,"676"
"672","Bruce Poliquin",0,"Maine","ME","Representative","2",1,1,0,0,0,0,0,0,0,1305743,"677"
"673","Adam Paul Laxalt",0,"Nevada","NV","Senator","0",1,1,0,0,0,0,0,0,1,7761263,"678"
"674","Mark Robertson",0,"Nevada","NV","Representative","1",1,1,0,0,0,0,0,0,0,416484,"679"
"675","Mark E. Amodei",0,"Nevada","NV","Representative","2",1,1,0,0,0,0,0,1,0,363300,"680"
"676","April Becker",0,"Nevada","NV","Representative","3",0,1,0,0,0,0,0,0,1,842903,"681"
"677","Sam Peters",0,"Nevada","NV","Representative","4",1,1,0,0,0,0,0,0,1,801184,"682"
"678","Tim Scott",0,"South Carolina","SC","Senator","0",1,0,1,0,0,0,0,1,0,11646458,"683"
"679","Nancy Mace",0,"South Carolina","SC","Representative","1",0,1,0,0,0,0,0,1,0,885471,"684"
"680","Joe Wilson",0,"South Carolina","SC","Representative","2",1,1,0,0,0,0,0,1,1,194140,"685"
"681","Jeff Duncan",0,"South Carolina","SC","Representative","3",1,1,0,0,0,0,0,1,1,300094,"686"
"682","William Timmons",0,"South Carolina","SC","Representative","4",1,1,0,0,0,0,0,1,1,55777,"687"
"683","Ralph Norman",0,"South Carolina","SC","Representative","5",1,1,0,0,0,0,0,1,1,274252,"688"
"684","Duke Buckner",0,"South Carolina","SC","Representative","6",1,0,1,0,0,0,0,0,0,73891,"689"
"685","Russell Fry",0,"South Carolina","SC","Representative","7",1,1,0,0,0,0,0,0,1,585576,"690"
"686","John Hoeven",0,"North Dakota","ND","Senator","0",1,1,0,0,0,0,0,1,0,551723,"691"
"687","Kelly Armstrong",0,"North Dakota","ND","Representative","0",1,1,0,0,0,0,0,1,0,470336,"692"
"688","Rob J. Wittman",0,"Virginia","VA","Representative","1",1,1,0,0,0,0,0,1,0,454349,"693"
"689","Jen A. Kiggans",0,"Virginia","VA","Representative","2",0,1,0,0,0,0,0,0,0,1246380,"694"
"690","Terry T. Namkung",0,"Virginia","VA","Representative","3",1,0,1,1,0,0,0,0,0,45827,"695"
"691","Leon Benjamin Sr.",0,"Virginia","VA","Representative","4",1,0,1,0,0,0,0,0,1,116059,"696"
"692","Ben L. Cline",0,"Virginia","VA","Representative","6",1,1,0,0,0,0,0,1,1,240663,"697"
"693","Yesli I. Vega",0,"Virginia","VA","Representative","7",0,0,0,0,1,0,0,0,0,1302530,"698"
"694","H. Morgan Griffith",0,"Virginia","VA","Representative","9",1,1,0,0,0,0,0,1,0,91064,"699"
"695","Joe O'Dea",0,"Colorado","CO","Senator","0",1,1,0,0,0,0,0,0,0,2843775,"700"
"696","Jennifer Qualteri",0,"Colorado","CO","Representative","1",0,0,0,0,0,0,0,0,1,0,"701"
"697","Marshall Dawson",0,"Colorado","CO","Representative","2",1,0,0,0,0,0,0,0,0,15947,"702"
"698","Lauren Boebert",0,"Colorado","CO","Representative","3",0,1,0,0,0,0,0,1,1,1376971,"703"
"699","Ken Buck",0,"Colorado","CO","Representative","4",1,1,0,0,0,0,0,1,0,340796,"704"
"700","Doug Lamborn",0,"Colorado","CO","Representative","5",1,1,0,0,0,0,0,1,1,113877,"705"
"701","Steven Monahan",0,"Colorado","CO","Representative","6",1,1,0,0,0,0,0,0,0,159464,"706"
"702","Erik Aadland",0,"Colorado","CO","Representative","7",1,1,0,0,0,0,0,0,0,717524,"707"
"703","Barbara Kirkmeyer",0,"Colorado","CO","Representative","8",0,1,0,0,0,0,0,0,0,516570,"708"
"704","Kathy Salvi",0,"Illinois","IL","Senator","0",0,1,0,0,0,0,0,0,0,371613,"709"
"705","Eric Carlson",0,"Illinois","IL","Representative","1",1,1,0,0,0,0,0,0,0,2744,"710"
"706","Thomas Lynch",0,"Illinois","IL","Representative","2",1,1,0,0,0,0,0,0,0,0,"711"
"707","Justin Burau",0,"Illinois","IL","Representative","3",1,1,0,0,0,0,0,0,0,9360,"712"
"708","James Falakos",0,"Illinois","IL","Representative","4",1,1,0,0,0,0,0,0,0,0,"713"
"709","Tommy Hanson",0,"Illinois","IL","Representative","5",1,1,0,0,0,0,0,0,0,0,"714"
"710","Keith Pekau",0,"Illinois","IL","Representative","6",1,1,0,0,0,0,0,0,0,597994,"715"
"711","Chris Dargis",0,"Illinois","IL","Representative","8",1,1,0,0,0,0,0,0,0,100026,"716"
"712","Maxwell ""Max"" Rice",0,"Illinois","IL","Representative","9",1,1,0,0,0,0,0,0,0,6251,"717"
"713","Joseph Severino",0,"Illinois","IL","Representative","10",1,1,0,0,0,0,0,0,0,20450,"718"
"714","Catalina Lauf",0,"Illinois","IL","Representative","11",0,0,0,0,1,0,0,0,0,739100,"719"
"715","Mike Bost",0,"Illinois","IL","Representative","12",1,1,0,0,0,0,0,1,1,261712,"720"
"716","Regan Deering",0,"Illinois","IL","Representative","13",0,1,0,0,0,0,0,0,0,415359,"721"
"717","Scott R. Gryder",0,"Illinois","IL","Representative","14",1,1,0,0,0,0,0,0,0,279158,"722"
"718","Mary Miller",0,"Illinois","IL","Representative","15",0,1,0,0,0,0,0,1,1,326877,"723"
"719","Darin LaHood",0,"Illinois","IL","Representative","16",1,1,0,0,0,0,0,1,0,342983,"724"
"720","Esther Joy King",0,"Illinois","IL","Representative","17",0,1,0,0,0,0,0,0,0,1792583,"725"
"721","Joe Pinion",0,"New York","NY","Senator","0",1,0,1,0,0,0,0,0,0,122651,"726"
"722","James Lankford",0,"Oklahoma","OK","Senator","0",1,1,0,0,0,0,0,1,0,1457892,"727"
"723","Markwayne Mullin",0,"Oklahoma","OK","Senator","0",1,1,0,0,0,0,1,0,1,1448206,"728"
"724","Kevin Hern",0,"Oklahoma","OK","Representative","1",1,1,0,0,0,0,0,1,1,256917,"729"
"725","Josh Brecheen",0,"Oklahoma","OK","Representative","2",1,1,0,0,0,0,0,0,0,338293,"730"
"726","Frank D. Lucas",0,"Oklahoma","OK","Representative","3",1,1,0,0,0,0,0,1,1,121697,"731"
"727","Tom Cole",0,"Oklahoma","OK","Representative","4",1,1,0,0,0,0,1,1,1,678682,"732"
"728","Stephanie Bice",0,"Oklahoma","OK","Representative","5",0,1,0,0,0,1,0,1,1,439136,"733"
"729","Mike Lee",0,"Utah","UT","Senator","0",1,1,0,0,0,0,0,1,0,3000264,"734"
"730","Blake D. Moore",0,"Utah","UT","Representative","1",1,1,0,0,0,0,0,1,0,330801,"735"
"731","Chris Stewart",0,"Utah","UT","Representative","2",1,1,0,0,0,0,0,1,1,196434,"736"
"732","John Curtis",0,"Utah","UT","Representative","3",1,1,0,0,0,0,0,1,0,485200,"737"
"733","Burgess Owens",0,"Utah","UT","Representative","4",1,0,1,0,0,0,0,1,1,971486,"738"
"734","Chris Chaffee",0,"Maryland","MD","Senator","0",1,1,0,0,0,0,0,0,1,0,"739"
"735","Andy Harris",0,"Maryland","MD","Representative","1",1,1,0,0,0,0,0,1,1,359550,"740"
"736","Nicolee Ambrose",0,"Maryland","MD","Representative","2",0,1,0,0,0,0,0,0,0,299054,"741"
"737","Yuripzy Morgan",0,"Maryland","MD","Representative","3",0,0,0,0,1,0,0,0,0,350585,"742"
"738","Jeff Warner",0,"Maryland","MD","Representative","4",1,1,0,0,0,0,0,0,0,16249,"743"
"739","Chris Palombi",0,"Maryland","MD","Representative","5",1,1,0,0,0,0,0,0,0,15595,"744"
"740","Neil C. Parrott",0,"Maryland","MD","Representative","6",1,1,0,0,0,0,0,0,0,468970,"745"
"741","Scott M. Collier",0,"Maryland","MD","Representative","7",1,1,0,0,0,0,0,0,1,0,"746"
"742","Gregory Thomas Coll",0,"Maryland","MD","Representative","8",1,1,0,0,0,0,0,0,0,11800,"747"
"743","Blake Masters",0,"Arizona","AZ","Senator","0",1,1,0,0,0,0,0,0,1,6335067,"748"
"744","David Schweikert",0,"Arizona","AZ","Representative","1",1,1,0,0,0,0,0,1,1,530960,"749"
"745","Eli Crane",0,"Arizona","AZ","Representative","2",1,1,0,0,0,0,0,0,1,1224809,"750"
"746","Jeff Zink",0,"Arizona","AZ","Representative","3",1,1,0,0,0,0,0,0,1,17963,"751"
"747","Kelly Cooper",0,"Arizona","AZ","Representative","4",1,1,0,0,0,0,0,0,0,478201,"752"
"748","Andy Biggs",0,"Arizona","AZ","Representative","5",1,1,0,0,0,0,0,1,1,462389,"753"
"749","Juan Ciscomani",0,"Arizona","AZ","Representative","6",1,0,0,0,1,0,0,0,0,1578988,"754"
"750","Luis Pozzolo",0,"Arizona","AZ","Representative","7",1,0,0,0,1,0,0,0,0,31990,"755"
"751","Debbie Lesko",0,"Arizona","AZ","Representative","8",0,1,0,0,0,0,0,1,1,181578,"756"
"752","Paul Gosar",0,"Arizona","AZ","Representative","9",1,1,0,0,0,0,0,1,1,224722,"757"
"753","Jerry Moran",0,"Kansas","KS","Senator","0",1,1,0,0,0,0,0,1,0,784432,"758"
"754","Tracey Mann",0,"Kansas","KS","Representative","1",1,1,0,0,0,0,0,1,1,170080,"759"
"755","Jake LaTurner",0,"Kansas","KS","Representative","2",1,1,0,0,0,0,0,1,1,402563,"760"
"756","Amanda L. Adkins",0,"Kansas","KS","Representative","3",0,1,0,0,0,0,0,0,0,1179305,"761"
"757","Ron Estes",0,"Kansas","KS","Representative","4",1,1,0,0,0,0,0,1,1,268292,"762"
"758","Jack Bergman",0,"Michigan","MI","Representative","1",1,1,0,0,0,0,0,1,1,211717,"763"
"759","John Moolenaar",0,"Michigan","MI","Representative","2",1,1,0,0,0,0,0,1,0,673296,"764"
"760","John Gibbs",0,"Michigan","MI","Representative","3",1,0,1,0,0,0,0,0,0,428062,"765"
"761","Bill Huizenga",0,"Michigan","MI","Representative","4",1,1,0,0,0,0,0,1,0,728494,"766"
"762","Tim Walberg",0,"Michigan","MI","Representative","5",1,1,0,0,0,0,0,1,1,287514,"767"
"763","Whittney Williams",0,"Michigan","MI","Representative","6",0,0,0,1,0,0,0,0,0,450,"768"
"764","Tom Barrett",0,"Michigan","MI","Representative","7",1,1,0,0,0,0,0,0,0,479281,"769"
"765","Paul Junge",0,"Michigan","MI","Representative","8",1,1,0,0,0,0,0,0,0,431041,"770"
"766","Lisa McClain",0,"Michigan","MI","Representative","9",0,1,0,0,0,0,0,1,1,279441,"771"
"767","John James",0,"Michigan","MI","Representative","10",1,0,1,0,0,0,0,0,0,972024,"772"
"768","Mark Ambrose",0,"Michigan","MI","Representative","11",1,1,0,0,0,0,0,0,0,200107,"773"
"769","Steven Elliott",0,"Michigan","MI","Representative","12",1,1,0,0,0,0,0,0,0,49574,"774"
"770","Martell D. Bivings",0,"Michigan","MI","Representative","13",1,0,1,0,0,0,0,0,0,52250,"775"
"771","Eric Schmitt",0,"Missouri","MO","Senator","0",1,1,0,0,0,0,0,0,1,2218836,"776"
"772","Andrew Jones",0,"Missouri","MO","Representative","1",1,0,1,0,0,0,0,0,0,24479,"777"
"773","Ann Wagner",0,"Missouri","MO","Representative","2",0,1,0,0,0,0,0,1,0,775292,"778"
"774","Blaine Luetkemeyer",0,"Missouri","MO","Representative","3",1,1,0,0,0,0,0,1,1,393104,"779"
"775","Mark Alford",0,"Missouri","MO","Representative","4",1,1,0,0,0,0,0,0,0,359333,"780"
"776","Jacob Turk",0,"Missouri","MO","Representative","5",1,1,0,0,0,0,0,0,0,18450,"781"
"777","Sam Graves",0,"Missouri","MO","Representative","6",1,1,0,0,0,0,0,1,1,439995,"782"
"778","Eric Burlison",0,"Missouri","MO","Representative","7",1,1,0,0,0,0,0,0,0,465662,"783"
"779","Jason Smith",0,"Missouri","MO","Representative","8",1,1,0,0,0,0,0,1,1,909099,"784"
"780","Tiffany Smiley",0,"Washington","WA","Senator","0",0,1,0,0,0,0,0,0,0,9919408,"785"
"781","Vincent J. Cavaleri",0,"Washington","WA","Representative","1",1,1,0,0,0,0,0,0,0,83174,"786"
"782","Dan Matthews",0,"Washington","WA","Representative","2",1,1,0,0,0,0,0,0,0,21649,"787"
"783","Joe Kent",0,"Washington","WA","Representative","3",1,1,0,0,0,0,0,0,1,1160420,"788"
"784","Dan Newhouse",0,"Washington","WA","Representative","4",1,1,0,0,0,0,0,1,0,319654,"789"
"785","Cathy McMorris Rodgers",0,"Washington","WA","Representative","5",0,1,0,0,0,0,0,1,0,889623,"790"
"786","Elizabeth Kreiselmaier",0,"Washington","WA","Representative","6",0,1,0,0,0,0,0,0,0,155314,"791"
"787","Cliff Moon",0,"Washington","WA","Representative","7",1,1,0,0,0,0,0,0,0,2341,"792"
"788","Matt Larkin",0,"Washington","WA","Representative","8",1,1,0,0,0,0,0,0,0,766041,"793"
"789","Doug Basler",0,"Washington","WA","Representative","9",1,1,0,0,0,0,0,0,1,76171,"794"
"790","Keith R. Swank",0,"Washington","WA","Representative","10",1,1,0,0,0,0,0,0,1,70431,"795"
"791","Diana Lynn Harshbarger",0,"Tennessee","TN","Representative","1",0,1,0,0,0,0,0,1,1,318887,"796"
"792","Tim Burchett",0,"Tennessee","TN","Representative","2",1,1,0,0,0,0,0,1,1,274423,"797"
"793","Chuck Fleischmann",0,"Tennessee","TN","Representative","3",1,1,0,0,0,0,0,1,1,173096,"798"
"794","Scott DesJarlais",0,"Tennessee","TN","Representative","4",1,1,0,0,0,0,0,1,1,39270,"799"
"795","Andy Ogles",0,"Tennessee","TN","Representative","5",1,1,0,0,0,0,0,0,1,557575,"800"
"796","John Rose",0,"Tennessee","TN","Representative","6",1,1,0,0,0,0,0,1,1,444034,"801"
"797","Mark E. Green",0,"Tennessee","TN","Representative","7",1,1,0,0,0,0,0,1,0,491851,"802"
"798","David Kustoff",0,"Tennessee","TN","Representative","8",1,1,0,0,0,0,0,1,1,382503,"803"
"799","Charlotte Bergmann",0,"Tennessee","TN","Representative","9",0,0,1,0,0,0,0,0,1,18167,"804"
"800","Leora R. Levy",0,"Connecticut","CT","Senator","0",0,0,0,0,1,0,0,0,0,705511,"805"
"801","Larry Lazor",0,"Connecticut","CT","Representative","1",1,1,0,0,0,0,0,0,0,59927,"806"
"802","Mike France",0,"Connecticut","CT","Representative","2",1,1,0,0,0,0,0,0,0,260984,"807"
"803","Lesley DeNardis",0,"Connecticut","CT","Representative","3",0,1,0,0,0,0,0,0,0,10328,"808"
"804","Jayme Stevenson",0,"Connecticut","CT","Representative","4",0,1,0,0,0,0,0,0,0,173571,"809"
"805","George Logan",0,"Connecticut","CT","Representative","5",1,0,1,0,0,0,0,0,0,642678,"810"
"806","Brad Finstad",0,"Minnesota","MN","Representative","1",1,1,0,0,0,0,0,0,0,457270,"811"
"807","Tyler Kistner",0,"Minnesota","MN","Representative","2",1,1,0,0,0,0,0,0,0,1133830,"812"
"808","Tom Weiler",0,"Minnesota","MN","Representative","3",1,1,0,0,0,0,0,0,0,216867,"813"
"809","May Lor Xiong",0,"Minnesota","MN","Representative","4",0,0,0,1,0,0,0,0,0,54607,"814"
"810","Cicely Davis",0,"Minnesota","MN","Representative","5",0,0,1,0,0,0,0,0,0,578270,"815"
"811","Tom Emmer",0,"Minnesota","MN","Representative","6",1,1,0,0,0,0,0,1,0,1226760,"816"
"812","Michelle Fischbach",0,"Minnesota","MN","Representative","7",0,1,0,0,0,0,0,1,1,261999,"817"
"813","Pete Stauber",0,"Minnesota","MN","Representative","8",1,1,0,0,0,0,0,1,0,500355,"818"
"814","Gerald Malloy",0,"Vermont","VT","Senator","0",1,1,0,0,0,0,0,0,0,228960,"819"
"815","Liam Madden",0,"Vermont","VT","Representative","0",1,1,0,0,0,0,0,0,0,4355,"820"
"816","Ron Johnson",0,"Wisconsin","WI","Senator","0",1,1,0,0,0,0,0,1,1,11782661,"821"
"817","Bryan Steil",0,"Wisconsin","WI","Representative","1",1,1,0,0,0,0,0,1,0,839195,"822"
"818","Erik Olsen",0,"Wisconsin","WI","Representative","2",1,1,0,0,0,0,0,0,0,49823,"823"
"819","Derrick Van Orden",0,"Wisconsin","WI","Representative","3",1,1,0,0,0,0,0,0,1,1986621,"824"
"820","Tim Rogers",0,"Wisconsin","WI","Representative","4",1,0,1,0,0,0,0,0,0,0,"825"
"821","Scott Fitzgerald",0,"Wisconsin","WI","Representative","5",1,1,0,0,0,0,0,1,1,205610,"826"
"822","Glenn Grothman",0,"Wisconsin","WI","Representative","6",1,1,0,0,0,0,0,1,0,267074,"827"
"823","Tom Tiffany",0,"Wisconsin","WI","Representative","7",1,1,0,0,0,0,0,1,1,386301,"828"
"824","Mike Gallagher",0,"Wisconsin","WI","Representative","8",1,1,0,0,0,0,0,1,0,291761,"829"
"825","Bob McDermott",0,"Hawaii","HI","Senator","0",1,1,0,0,0,0,0,0,0,0,"830"
"826","Conrad Kress",0,"Hawaii","HI","Representative","1",1,1,0,0,0,0,0,0,0,31357,"831"
"827","Joe Akana",0,"Hawaii","HI","Representative","2",1,0,0,0,0,0,1,0,0,5710,"832"
"828","Buzz A. Kelley",0,"Alaska","AK","Senator","0",1,1,0,0,0,0,0,0,0,0,"833"
"829","Lisa Murkowski",0,"Alaska","AK","Senator","0",0,1,0,0,0,0,0,1,0,1890159,"834"
"830","Kelly C. Tshibaka",0,"Alaska","AK","Senator","0",0,1,0,0,0,0,0,0,0,2059345,"835"
"831","Nick Begich",0,"Alaska","AK","Representative","0",1,1,0,0,0,0,0,0,0,383793,"836"
"832","Sarah Palin",0,"Alaska","AK","Representative","0",0,1,0,0,0,0,0,0,1,548995,"837"
"833","Harriet Hageman",0,"Wyoming","WY","Representative","0",0,1,0,0,0,0,0,0,1,1242676,"838"
"834","Marco Rubio",0,"Florida","FL","Senator","0",1,0,0,0,1,0,0,1,0,15477364,"839"
"835","Matt Gaetz",0,"Florida","FL","Representative","1",1,1,0,0,0,0,0,1,1,970338,"840"
"836","Neal Dunn",0,"Florida","FL","Representative","2",1,1,0,0,0,0,0,1,1,479632,"841"
"837","Kat Cammack",0,"Florida","FL","Representative","3",0,1,0,0,0,0,0,1,1,344939,"842"
"838","Aaron Bean",0,"Florida","FL","Representative","4",1,1,0,0,0,0,0,0,0,494951,"843"
"839","John H. Rutherford",0,"Florida","FL","Representative","5",1,1,0,0,0,0,0,1,1,152600,"844"
"840","Michael Waltz",0,"Florida","FL","Representative","6",1,1,0,0,0,0,0,1,0,786645,"845"
"841","Cory Mills",0,"Florida","FL","Representative","7",1,1,0,0,0,0,0,0,1,174036,"846"
"842","Bill Posey",0,"Florida","FL","Representative","8",1,1,0,0,0,0,0,1,1,193035,"847"
"843","Scotty Moore",0,"Florida","FL","Representative","9",1,1,0,0,0,0,0,0,1,294475,"848"
"844","Calvin B. Wimbish",0,"Florida","FL","Representative","10",1,0,1,0,0,0,0,0,1,101625,"849"
"845","Daniel Webster",0,"Florida","FL","Representative","11",1,1,0,0,0,0,0,1,1,178420,"850"
"846","Gus Michael Bilirakis",0,"Florida","FL","Representative","12",1,1,0,0,0,0,0,1,1,352370,"851"
"847","Anna Paulina Luna",0,"Florida","FL","Representative","13",0,0,0,0,1,0,0,0,1,1012551,"852"
"848","James Judge",0,"Florida","FL","Representative","14",1,1,0,0,0,0,0,0,0,54850,"853"
"849","Laurel Lee",0,"Florida","FL","Representative","15",0,1,0,0,0,0,0,0,0,754247,"854"
"850","Vern Buchanan",0,"Florida","FL","Representative","16",1,1,0,0,0,0,0,1,0,657539,"855"
"851","Greg Steube",0,"Florida","FL","Representative","17",1,1,0,0,0,0,0,1,1,207938,"856"
"852","Scott Franklin",0,"Florida","FL","Representative","18",1,1,0,0,0,0,0,1,1,160420,"857"
"853","Byron Donalds",0,"Florida","FL","Representative","19",1,0,1,0,0,0,0,1,1,1005044,"858"
"854","Drew Montez Clark",0,"Florida","FL","Representative","20",1,0,1,0,0,0,0,0,0,39863,"859"
"855","Brian Mast",0,"Florida","FL","Representative","21",1,1,0,0,0,0,0,1,1,1128294,"860"
"856","Dan Franzese",0,"Florida","FL","Representative","22",1,1,0,0,0,0,0,0,0,157031,"861"
"857","Joe Budd",0,"Florida","FL","Representative","23",1,1,0,0,0,0,0,0,0,65700,"862"
"858","Jesus G. Navarro",0,"Florida","FL","Representative","24",1,0,0,0,1,0,0,0,1,9872,"863"
"859","Carla Spalding",0,"Florida","FL","Representative","25",0,0,1,0,0,0,0,0,0,330714,"864"
"860","Mario Diaz-Balart",0,"Florida","FL","Representative","26",1,0,0,0,1,0,0,1,1,565197,"865"
"861","Maria Elvira Salazar",0,"Florida","FL","Representative","27",0,0,0,0,1,0,0,1,0,1481332,"866"
"862","Carlos A. Gimenez",0,"Florida","FL","Representative","28",1,0,0,0,1,0,0,1,1,393781,"867"
"863","Nicholas J. LaLota",0,"New York","NY","Representative","1",1,1,0,0,0,0,0,0,0,0,"868"
"864","Andrew R. Garbarino",0,"New York","NY","Representative","2",1,1,0,0,0,0,0,1,0,381333,"869"
"865","George A.D. Santos",0,"New York","NY","Representative","3",1,1,0,0,1,0,0,0,1,539861,"870"
"866","Anthony P. D'Esposito",0,"New York","NY","Representative","4",1,1,0,0,0,0,0,0,0,660154,"871"
"867","Paul King",0,"New York","NY","Representative","5",1,1,0,0,0,0,0,0,0,51553,"872"
"868","Thomas Zmich",0,"New York","NY","Representative","6",1,1,0,0,0,0,0,0,0,1000,"873"
"869","Juan Pagan",0,"New York","NY","Representative","7",1,0,0,0,1,0,0,0,0,0,"874"
"870","Yuri Dashevsky",0,"New York","NY","Representative","8",1,1,0,0,0,0,0,0,0,2532,"875"
"871","Benine Hamdan",0,"New York","NY","Representative","10",0,0,0,0,0,1,0,0,0,850,"876"
"872","Nicole Malliotakis",0,"New York","NY","Representative","11",0,1,0,0,1,0,0,1,1,1132000,"877"
"873","Michael Zumbluskas",0,"New York","NY","Representative","12",1,1,0,0,0,0,0,0,0,3300,"878"
"874","Tina Forte",0,"New York","NY","Representative","14",0,1,0,0,0,0,0,0,1,434865,"879"
"875","Stylo A. Sapaskis",0,"New York","NY","Representative","15",1,1,0,0,0,0,0,0,0,0,"880"
"876","Miriam L. Flisser",0,"New York","NY","Representative","16",0,1,0,0,0,0,0,0,0,0,"881"
"877","Michael V. Lawler",0,"New York","NY","Representative","17",1,1,0,0,0,0,0,0,0,675802,"882"
"878","Colin J. Schmitt",0,"New York","NY","Representative","18",1,1,0,0,0,0,0,0,0,610965,"883"
"879","Marcus Molinaro",0,"New York","NY","Representative","19",1,1,0,0,0,0,0,0,0,945234,"884"
"880","Elizabeth L. Joy",0,"New York","NY","Representative","20",0,1,0,0,0,0,0,0,1,304724,"885"
"881","Elise M. Stefanik",0,"New York","NY","Representative","21",0,1,0,0,0,0,0,1,1,1759076,"886"
"882","Brandon M. Williams",0,"New York","NY","Representative","22",1,1,0,0,0,0,0,0,0,449599,"887"
"883","Nick Langworthy",0,"New York","NY","Representative","23",1,1,0,0,0,0,0,0,0,520969,"888"
"884","Claudia Tenney",0,"New York","NY","Representative","24",0,1,0,0,0,0,0,1,0,617406,"889"
"885","La'Ron D. Singletary",0,"New York","NY","Representative","25",1,0,1,0,0,0,0,0,0,216497,"890"
"886","Steven L. Sams II",0,"New York","NY","Representative","26",1,1,0,0,0,0,0,0,0,6000,"891"
"887","Dean James Martilli",0,"Massachusetts","MA","Representative","1",1,1,0,0,0,0,0,0,0,8080,"892"
"888","Jeffrey A. Sossa-Paquette",0,"Massachusetts","MA","Representative","2",1,1,0,0,0,0,0,0,0,81379,"893"
"889","Dean A. Tran",0,"Massachusetts","MA","Representative","3",1,0,0,1,0,0,0,0,0,41434,"894"
"890","Caroline Colarusso",0,"Massachusetts","MA","Representative","5",0,1,0,0,0,0,0,0,1,44520,"895"
"891","Bob May",0,"Massachusetts","MA","Representative","6",1,1,0,0,0,0,0,0,0,11918,"896"
"892","Donnie Dionicio Palmer",0,"Massachusetts","MA","Representative","7",1,0,1,0,0,0,0,0,1,0,"897"
"893","Robert G. Burke",0,"Massachusetts","MA","Representative","8",1,1,0,0,0,0,0,0,0,0,"898"
"894","Jesse G. Brown",0,"Massachusetts","MA","Representative","9",1,1,0,0,0,0,0,0,0,36020,"899"
"895","Lee Murphy",0,"Delaware","DE","Representative","0",1,1,0,0,0,0,0,0,0,141180,"900"
"896","Donald C. Bolduc",0,"New Hampshire","NH","Senator","0",1,1,0,0,0,0,0,0,1,1863740,"901"
"897","Karoline Leavitt",0,"New Hampshire","NH","Representative","1",0,1,0,0,0,0,0,0,1,1711474,"902"
"898","Robert Burns",0,"New Hampshire","NH","Representative","2",1,1,0,0,0,0,0,0,0,98570,"903"
"899","Allen R. Waters",0,"Rhode Island","RI","Representative","1",1,0,1,0,0,0,0,0,0,19130,"904"
"900","Allan W. Fung",0,"Rhode Island","RI","Representative","2",1,0,0,1,0,0,0,0,0,844812,"905"
